order_id,supplier_id,medicine_id,facility_id,quantity_ordered,order_date,expected_delivery_date,actual_delivery_date,cost_price,total_cost,delay_days
1,207,107,9,261,2024-03-24,2024-03-29,2024-03-31,32.88,8581.68,2
2,205,122,7,317,2024-03-10,2024-03-20,2024-03-20,25.17,7978.89,0
3,202,107,6,241,2024-02-28,2024-03-09,2024-03-11,32.88,7924.08,2
4,202,135,3,245,2024-03-10,2024-03-14,2024-03-13,15.15,3711.75,-1
5,206,142,5,409,2024-03-22,2024-03-27,2024-03-27,64.93,26556.37,0
6,201,106,10,382,2024-01-14,2024-01-17,2024-01-17,34.65,13236.3,0
7,206,139,1,433,2024-01-14,2024-01-23,2024-01-24,80.44,34830.52,1
8,201,134,10,307,2024-03-22,2024-03-25,2024-03-27,95.15,29211.05,2
9,204,102,10,164,2024-02-23,2024-03-03,2024-03-04,51.96,8521.44,1
10,206,135,8,488,2024-01-15,2024-01-18,2024-01-16,15.15,7393.2,-2
11,205,107,8,470,2024-02-29,2024-03-03,2024-03-01,32.88,15453.6,-2
12,205,100,7,195,2024-01-29,2024-02-05,2024-02-04,61.49,11990.55,-1
13,204,142,5,394,2024-02-09,2024-02-18,2024-02-18,64.93,25582.42,0
14,206,100,4,63,2024-01-05,2024-01-13,2024-01-11,61.49,3873.87,-2
15,205,123,3,342,2024-02-12,2024-02-20,2024-02-23,26.99,9230.58,3
16,206,115,7,379,2024-01-25,2024-02-01,2024-02-03,7.16,2713.64,2
17,206,103,7,249,2024-01-17,2024-01-22,2024-01-23,73.96,18416.04,1
18,205,125,3,273,2024-03-07,2024-03-16,2024-03-18,56.42,15402.66,2
19,202,106,4,373,2024-03-05,2024-03-09,2024-03-08,34.65,12924.45,-1
20,204,125,10,215,2024-03-11,2024-03-20,2024-03-19,56.42,12130.3,-1
21,201,105,4,55,2024-01-04,2024-01-11,2024-01-13,84.35,4639.25,2
22,200,109,10,328,2024-03-20,2024-03-26,2024-03-26,96.59,31681.52,0
23,206,136,2,425,2024-01-04,2024-01-12,2024-01-15,49.58,21071.5,3
24,205,129,3,384,2024-01-24,2024-01-27,2024-01-27,33.27,12775.68,0
25,203,119,4,421,2024-03-09,2024-03-16,2024-03-15,39.44,16604.24,-1
26,204,149,7,190,2024-03-25,2024-04-03,2024-04-06,22.82,4335.8,3
27,200,109,2,493,2024-03-22,2024-03-25,2024-03-27,96.59,47618.87,2
28,207,107,2,104,2024-03-17,2024-03-20,2024-03-23,32.88,3419.52,3
29,204,118,3,89,2024-01-24,2024-02-03,2024-02-01,62.28,5542.92,-2
30,203,123,8,301,2024-02-20,2024-02-29,2024-02-28,26.99,8123.99,-1
31,201,126,1,89,2024-03-03,2024-03-09,2024-03-10,82.1,7306.9,1
32,206,143,4,374,2024-02-18,2024-02-28,2024-03-01,25.75,9630.5,2
33,202,110,8,141,2024-02-08,2024-02-16,2024-02-14,29.54,4165.14,-2
34,200,140,10,227,2024-01-16,2024-01-21,2024-01-20,21.0,4767.0,-1
35,200,139,8,429,2024-01-21,2024-01-25,2024-01-23,80.44,34508.76,-2
36,203,107,5,324,2024-03-18,2024-03-25,2024-03-23,32.88,10653.12,-2
37,202,133,1,108,2024-01-28,2024-02-01,2024-02-02,9.95,1074.6,1
38,205,101,4,92,2024-01-18,2024-01-25,2024-01-27,16.07,1478.44,2
39,204,117,3,97,2024-03-02,2024-03-06,2024-03-08,87.6,8497.2,2
40,204,145,6,464,2024-02-29,2024-03-03,2024-03-03,87.06,40395.84,0
41,206,127,8,138,2024-01-25,2024-02-01,2024-02-04,59.85,8259.3,3
42,204,143,4,348,2024-02-20,2024-02-25,2024-02-27,25.75,8961.0,2
43,202,119,10,299,2024-01-27,2024-02-06,2024-02-07,39.44,11792.56,1
44,206,128,7,189,2024-03-17,2024-03-23,2024-03-25,33.23,6280.47,2
45,201,139,6,269,2024-03-18,2024-03-24,2024-03-25,80.44,21638.36,1
46,205,136,4,469,2024-02-17,2024-02-23,2024-02-25,49.58,23253.02,2
47,202,128,2,179,2024-01-05,2024-01-09,2024-01-10,33.23,5948.17,1
48,204,126,10,321,2024-03-18,2024-03-25,2024-03-24,82.1,26354.1,-1
49,200,125,6,464,2024-01-15,2024-01-20,2024-01-23,56.42,26178.88,3
50,202,127,6,87,2024-02-15,2024-02-19,2024-02-18,59.85,5206.95,-1
51,205,142,4,449,2024-02-17,2024-02-26,2024-02-28,64.93,29153.57,2
52,200,107,6,55,2024-02-10,2024-02-17,2024-02-20,32.88,1808.4,3
53,207,113,6,169,2024-03-13,2024-03-18,2024-03-20,55.44,9369.36,2
54,206,104,9,158,2024-02-06,2024-02-13,2024-02-14,64.37,10170.46,1
55,201,113,9,416,2024-03-12,2024-03-19,2024-03-18,55.44,23063.04,-1
56,201,142,10,265,2024-03-14,2024-03-17,2024-03-16,64.93,17206.45,-1
57,205,120,7,75,2024-01-26,2024-02-04,2024-02-07,30.1,2257.5,3
58,200,131,8,111,2024-02-05,2024-02-10,2024-02-10,92.29,10244.19,0
59,202,128,2,352,2024-03-17,2024-03-26,2024-03-25,33.23,11696.96,-1
60,200,115,7,379,2024-02-06,2024-02-10,2024-02-10,7.16,2713.64,0
61,207,100,10,480,2024-02-06,2024-02-13,2024-02-11,61.49,29515.2,-2
62,200,102,7,58,2024-02-13,2024-02-23,2024-02-21,51.96,3013.68,-2
63,201,130,2,204,2024-02-23,2024-03-03,2024-03-03,76.47,15599.88,0
64,205,120,5,334,2024-02-21,2024-03-01,2024-02-29,30.1,10053.4,-1
65,200,131,6,406,2024-02-20,2024-02-28,2024-02-28,92.29,37469.74,0
66,201,131,8,102,2024-02-17,2024-02-24,2024-02-22,92.29,9413.58,-2
67,200,114,1,103,2024-01-02,2024-01-07,2024-01-08,34.3,3532.9,1
68,206,144,6,95,2024-01-29,2024-02-04,2024-02-07,21.09,2003.55,3
69,205,146,4,402,2024-03-09,2024-03-17,2024-03-17,99.02,39806.04,0
70,200,116,1,205,2024-01-15,2024-01-20,2024-01-20,36.14,7408.7,0
71,205,116,2,455,2024-03-29,2024-04-04,2024-04-07,36.14,16443.7,3
72,202,117,7,285,2024-01-18,2024-01-21,2024-01-24,87.6,24966.0,3
73,205,108,2,485,2024-01-19,2024-01-23,2024-01-24,10.22,4956.7,1
74,207,140,7,317,2024-03-26,2024-04-04,2024-04-04,21.0,6657.0,0
75,207,115,9,193,2024-03-25,2024-04-03,2024-04-03,7.16,1381.88,0
76,207,149,6,185,2024-01-29,2024-02-05,2024-02-07,22.82,4221.7,2
77,201,145,5,477,2024-02-15,2024-02-18,2024-02-17,87.06,41527.62,-1
78,203,142,4,88,2024-03-29,2024-04-02,2024-04-02,64.93,5713.84,0
79,203,103,8,160,2024-01-02,2024-01-08,2024-01-10,73.96,11833.6,2
80,203,124,8,224,2024-03-03,2024-03-08,2024-03-08,84.94,19026.56,0
81,205,137,4,282,2024-02-09,2024-02-17,2024-02-20,56.49,15930.18,3
82,201,132,3,236,2024-01-17,2024-01-22,2024-01-23,67.5,15930.0,1
83,203,128,7,85,2024-02-21,2024-02-24,2024-02-27,33.23,2824.55,3
84,202,127,5,495,2024-03-28,2024-04-05,2024-04-03,59.85,29625.75,-2
85,201,141,10,498,2024-01-19,2024-01-26,2024-01-29,59.06,29411.88,3
86,201,147,2,285,2024-01-31,2024-02-03,2024-02-03,54.68,15583.8,0
87,200,117,3,321,2024-03-01,2024-03-07,2024-03-06,87.6,28119.6,-1
88,204,122,8,93,2024-01-16,2024-01-22,2024-01-21,25.17,2340.81,-1
89,203,127,6,307,2024-01-20,2024-01-28,2024-01-27,59.85,18373.95,-1
90,205,132,7,189,2024-01-07,2024-01-14,2024-01-16,67.5,12757.5,2
91,200,106,6,424,2024-03-24,2024-04-01,2024-04-04,34.65,14691.6,3
92,204,112,7,140,2024-01-25,2024-01-29,2024-01-30,44.14,6179.6,1
93,207,117,10,105,2024-03-07,2024-03-13,2024-03-12,87.6,9198.0,-1
94,203,141,1,108,2024-01-15,2024-01-19,2024-01-17,59.06,6378.48,-2
95,204,102,1,322,2024-01-31,2024-02-04,2024-02-07,51.96,16731.12,3
96,203,117,2,416,2024-03-20,2024-03-30,2024-04-01,87.6,36441.6,2
97,206,125,7,425,2024-01-13,2024-01-23,2024-01-26,56.42,23978.5,3
98,203,131,5,227,2024-01-22,2024-01-26,2024-01-28,92.29,20949.83,2
99,204,145,5,144,2024-01-01,2024-01-04,2024-01-06,87.06,12536.64,2
100,207,144,9,172,2024-02-09,2024-02-15,2024-02-14,21.09,3627.48,-1
101,201,120,3,220,2024-01-22,2024-01-26,2024-01-29,30.1,6622.0,3
102,200,109,8,269,2024-03-26,2024-04-01,2024-04-02,96.59,25982.71,1
103,202,101,6,137,2024-02-03,2024-02-09,2024-02-08,16.07,2201.59,-1
104,205,138,1,50,2024-03-01,2024-03-10,2024-03-13,61.13,3056.5,3
105,207,115,8,469,2024-01-15,2024-01-23,2024-01-22,7.16,3358.04,-1
106,204,136,1,307,2024-01-30,2024-02-02,2024-02-03,49.58,15221.06,1
107,202,148,3,205,2024-01-13,2024-01-16,2024-01-19,80.49,16500.45,3
108,207,128,6,181,2024-02-14,2024-02-18,2024-02-16,33.23,6014.63,-2
109,205,116,8,473,2024-02-28,2024-03-09,2024-03-09,36.14,17094.22,0
110,205,119,6,488,2024-03-07,2024-03-16,2024-03-14,39.44,19246.72,-2
111,201,130,10,315,2024-02-04,2024-02-14,2024-02-16,76.47,24088.05,2
112,206,109,1,122,2024-01-29,2024-02-07,2024-02-09,96.59,11783.98,2
113,200,131,6,429,2024-02-01,2024-02-04,2024-02-02,92.29,39592.41,-2
114,203,123,7,243,2024-01-12,2024-01-17,2024-01-16,26.99,6558.57,-1
115,207,117,2,185,2024-03-08,2024-03-11,2024-03-09,87.6,16206.0,-2
116,206,121,6,191,2024-03-16,2024-03-20,2024-03-20,89.4,17075.4,0
117,200,112,5,409,2024-03-15,2024-03-24,2024-03-22,44.14,18053.26,-2
118,201,139,6,340,2024-02-25,2024-03-01,2024-03-03,80.44,27349.6,2
119,201,118,6,400,2024-01-02,2024-01-05,2024-01-04,62.28,24912.0,-1
120,202,129,3,369,2024-03-07,2024-03-16,2024-03-16,33.27,12276.63,0
121,202,142,9,197,2024-02-08,2024-02-18,2024-02-21,64.93,12791.21,3
122,200,118,2,161,2024-02-28,2024-03-09,2024-03-09,62.28,10027.08,0
123,201,137,5,206,2024-01-07,2024-01-14,2024-01-16,56.49,11636.94,2
124,205,127,1,75,2024-03-25,2024-03-29,2024-04-01,59.85,4488.75,3
125,205,108,5,390,2024-02-06,2024-02-15,2024-02-13,10.22,3985.8,-2
126,201,109,9,425,2024-02-04,2024-02-10,2024-02-11,96.59,41050.75,1
127,201,127,4,66,2024-02-07,2024-02-15,2024-02-17,59.85,3950.1,2
128,203,122,8,247,2024-03-27,2024-04-04,2024-04-03,25.17,6216.99,-1
129,201,125,7,355,2024-02-03,2024-02-06,2024-02-04,56.42,20029.1,-2
130,206,111,5,461,2024-03-27,2024-04-03,2024-04-05,19.54,9007.94,2
131,203,108,10,263,2024-02-02,2024-02-06,2024-02-04,10.22,2687.86,-2
132,204,112,9,202,2024-02-09,2024-02-16,2024-02-14,44.14,8916.28,-2
133,207,140,10,242,2024-03-10,2024-03-17,2024-03-16,21.0,5082.0,-1
134,202,106,7,405,2024-03-08,2024-03-14,2024-03-15,34.65,14033.25,1
135,205,132,6,268,2024-02-29,2024-03-10,2024-03-10,67.5,18090.0,0
136,206,126,8,336,2024-02-29,2024-03-03,2024-03-05,82.1,27585.6,2
137,206,149,1,364,2024-01-12,2024-01-17,2024-01-18,22.82,8306.48,1
138,205,115,5,328,2024-01-17,2024-01-23,2024-01-22,7.16,2348.48,-1
139,200,118,10,256,2024-02-20,2024-02-25,2024-02-24,62.28,15943.68,-1
140,207,129,1,78,2024-01-07,2024-01-12,2024-01-10,33.27,2595.06,-2
141,201,141,5,99,2024-02-12,2024-02-18,2024-02-19,59.06,5846.94,1
142,207,136,5,492,2024-03-29,2024-04-05,2024-04-05,49.58,24393.36,0
143,200,107,1,314,2024-03-30,2024-04-07,2024-04-08,32.88,10324.32,1
144,207,135,3,395,2024-01-18,2024-01-22,2024-01-20,15.15,5984.25,-2
145,204,119,3,369,2024-01-01,2024-01-08,2024-01-06,39.44,14553.36,-2
146,201,107,4,359,2024-01-01,2024-01-08,2024-01-07,32.88,11803.92,-1
147,201,133,2,103,2024-02-01,2024-02-10,2024-02-13,9.95,1024.85,3
148,207,101,8,112,2024-02-20,2024-02-23,2024-02-23,16.07,1799.84,0
149,207,125,5,480,2024-01-24,2024-01-27,2024-01-27,56.42,27081.6,0
150,207,116,9,113,2024-03-25,2024-03-31,2024-04-01,36.14,4083.82,1
151,200,109,7,469,2024-01-24,2024-02-02,2024-02-03,96.59,45300.71,1
152,203,110,4,198,2024-03-01,2024-03-10,2024-03-13,29.54,5848.92,3
153,201,142,5,238,2024-03-16,2024-03-19,2024-03-21,64.93,15453.34,2
154,206,125,5,287,2024-03-30,2024-04-03,2024-04-01,56.42,16192.54,-2
155,202,127,7,284,2024-01-04,2024-01-09,2024-01-10,59.85,16997.4,1
156,206,136,2,205,2024-01-02,2024-01-05,2024-01-03,49.58,10163.9,-2
157,207,141,1,121,2024-01-06,2024-01-12,2024-01-10,59.06,7146.26,-2
158,207,146,8,131,2024-02-05,2024-02-11,2024-02-11,99.02,12971.62,0
159,203,132,6,318,2024-02-14,2024-02-23,2024-02-24,67.5,21465.0,1
160,201,132,7,127,2024-01-23,2024-01-27,2024-01-25,67.5,8572.5,-2
161,205,141,6,489,2024-02-28,2024-03-08,2024-03-07,59.06,28880.34,-1
162,204,117,3,479,2024-02-20,2024-03-01,2024-02-28,87.6,41960.4,-2
163,207,124,8,142,2024-03-18,2024-03-26,2024-03-29,84.94,12061.48,3
164,204,145,10,215,2024-01-17,2024-01-23,2024-01-21,87.06,18717.9,-2
165,205,137,10,474,2024-03-15,2024-03-20,2024-03-19,56.49,26776.26,-1
166,200,104,7,131,2024-01-04,2024-01-11,2024-01-11,64.37,8432.47,0
167,201,106,4,293,2024-03-04,2024-03-12,2024-03-10,34.65,10152.45,-2
168,203,148,6,500,2024-01-31,2024-02-09,2024-02-11,80.49,40245.0,2
169,206,146,3,81,2024-02-23,2024-02-28,2024-02-29,99.02,8020.62,1
170,201,116,10,87,2024-01-05,2024-01-09,2024-01-10,36.14,3144.18,1
171,205,148,8,480,2024-03-18,2024-03-28,2024-03-29,80.49,38635.2,1
172,205,111,1,280,2024-01-14,2024-01-19,2024-01-21,19.54,5471.2,2
173,203,108,7,301,2024-01-26,2024-02-01,2024-02-03,10.22,3076.22,2
174,204,143,8,429,2024-01-29,2024-02-05,2024-02-05,25.75,11046.75,0
175,203,127,3,62,2024-01-12,2024-01-15,2024-01-13,59.85,3710.7,-2
176,200,113,2,234,2024-01-18,2024-01-24,2024-01-24,55.44,12972.96,0
177,201,136,7,399,2024-02-13,2024-02-16,2024-02-18,49.58,19782.42,2
178,203,131,9,473,2024-01-27,2024-02-06,2024-02-05,92.29,43653.17,-1
179,205,132,8,336,2024-02-15,2024-02-23,2024-02-23,67.5,22680.0,0
180,207,104,3,242,2024-02-24,2024-03-01,2024-03-02,64.37,15577.54,1
181,201,136,2,202,2024-01-17,2024-01-22,2024-01-23,49.58,10015.16,1
182,207,107,2,357,2024-01-30,2024-02-02,2024-02-01,32.88,11738.16,-1
183,200,121,9,474,2024-01-29,2024-02-04,2024-02-07,89.4,42375.6,3
184,205,124,5,197,2024-01-09,2024-01-17,2024-01-19,84.94,16733.18,2
185,203,134,2,306,2024-03-07,2024-03-11,2024-03-09,95.15,29115.9,-2
186,200,125,5,106,2024-03-10,2024-03-14,2024-03-17,56.42,5980.52,3
187,204,130,10,66,2024-03-24,2024-04-01,2024-04-02,76.47,5047.02,1
188,204,126,6,441,2024-01-26,2024-01-29,2024-01-31,82.1,36206.1,2
189,203,108,1,218,2024-03-11,2024-03-14,2024-03-16,10.22,2227.96,2
190,207,115,1,362,2024-01-10,2024-01-18,2024-01-20,7.16,2591.92,2
191,201,122,1,428,2024-02-23,2024-02-27,2024-02-27,25.17,10772.76,0
192,207,105,10,420,2024-01-17,2024-01-24,2024-01-26,84.35,35427.0,2
193,200,106,1,165,2024-03-04,2024-03-09,2024-03-07,34.65,5717.25,-2
194,207,127,6,60,2024-02-08,2024-02-18,2024-02-18,59.85,3591.0,0
195,203,101,1,490,2024-03-09,2024-03-14,2024-03-15,16.07,7874.3,1
196,200,143,7,76,2024-03-11,2024-03-20,2024-03-22,25.75,1957.0,2
197,206,149,7,270,2024-03-30,2024-04-08,2024-04-11,22.82,6161.4,3
198,202,135,7,110,2024-01-15,2024-01-22,2024-01-24,15.15,1666.5,2
199,205,123,10,273,2024-01-25,2024-02-04,2024-02-02,26.99,7368.27,-2
200,203,115,1,55,2024-01-12,2024-01-19,2024-01-18,7.16,393.8,-1
201,200,126,4,177,2024-01-02,2024-01-10,2024-01-12,82.1,14531.7,2
202,200,104,1,142,2024-01-17,2024-01-26,2024-01-29,64.37,9140.54,3
203,205,102,5,385,2024-02-14,2024-02-20,2024-02-19,51.96,20004.6,-1
204,202,118,4,295,2024-03-18,2024-03-26,2024-03-28,62.28,18372.6,2
205,201,142,2,328,2024-01-10,2024-01-14,2024-01-14,64.93,21297.04,0
206,205,131,4,415,2024-01-29,2024-02-01,2024-02-03,92.29,38300.35,2
207,204,123,5,319,2024-03-24,2024-03-31,2024-04-02,26.99,8609.81,2
208,201,120,5,260,2024-01-07,2024-01-13,2024-01-12,30.1,7826.0,-1
209,204,131,10,120,2024-01-11,2024-01-17,2024-01-15,92.29,11074.8,-2
210,204,114,9,112,2024-03-11,2024-03-16,2024-03-15,34.3,3841.6,-1
211,202,146,6,407,2024-01-05,2024-01-12,2024-01-11,99.02,40301.14,-1
212,207,141,8,305,2024-01-15,2024-01-24,2024-01-25,59.06,18013.3,1
213,204,117,1,203,2024-03-16,2024-03-19,2024-03-20,87.6,17782.8,1
214,204,103,2,303,2024-03-19,2024-03-22,2024-03-24,73.96,22409.88,2
215,206,124,1,164,2024-02-26,2024-03-07,2024-03-06,84.94,13930.16,-1
216,202,124,4,322,2024-03-25,2024-04-03,2024-04-06,84.94,27350.68,3
217,204,142,1,440,2024-01-05,2024-01-09,2024-01-10,64.93,28569.2,1
218,205,101,6,160,2024-02-03,2024-02-12,2024-02-10,16.07,2571.2,-2
219,206,121,1,426,2024-02-24,2024-03-05,2024-03-04,89.4,38084.4,-1
220,206,106,1,489,2024-03-27,2024-04-02,2024-04-02,34.65,16943.85,0
221,206,129,9,340,2024-03-14,2024-03-20,2024-03-22,33.27,11311.8,2
222,202,116,9,431,2024-02-18,2024-02-24,2024-02-24,36.14,15576.34,0
223,200,108,4,190,2024-02-05,2024-02-13,2024-02-16,10.22,1941.8,3
224,204,115,2,252,2024-02-13,2024-02-19,2024-02-21,7.16,1804.32,2
225,204,139,1,387,2024-02-16,2024-02-21,2024-02-24,80.44,31130.28,3
226,200,141,5,341,2024-01-16,2024-01-19,2024-01-19,59.06,20139.46,0
227,202,116,6,58,2024-02-26,2024-02-29,2024-02-29,36.14,2096.12,0
228,207,100,8,295,2024-01-05,2024-01-14,2024-01-17,61.49,18139.55,3
229,206,113,9,90,2024-01-08,2024-01-12,2024-01-11,55.44,4989.6,-1
230,205,139,5,142,2024-01-09,2024-01-18,2024-01-18,80.44,11422.48,0
231,204,149,5,115,2024-02-03,2024-02-06,2024-02-08,22.82,2624.3,2
232,202,140,4,385,2024-01-19,2024-01-24,2024-01-25,21.0,8085.0,1
233,201,114,1,144,2024-03-24,2024-04-01,2024-04-03,34.3,4939.2,2
234,205,128,9,417,2024-01-06,2024-01-11,2024-01-12,33.23,13856.91,1
235,204,103,4,397,2024-02-02,2024-02-09,2024-02-07,73.96,29362.12,-2
236,200,134,6,229,2024-03-17,2024-03-26,2024-03-28,95.15,21789.35,2
237,207,104,2,89,2024-01-15,2024-01-24,2024-01-24,64.37,5728.93,0
238,205,113,4,474,2024-03-14,2024-03-23,2024-03-26,55.44,26278.56,3
239,206,104,7,62,2024-02-06,2024-02-10,2024-02-09,64.37,3990.94,-1
240,205,138,6,383,2024-02-12,2024-02-15,2024-02-17,61.13,23412.79,2
241,204,130,6,132,2024-03-20,2024-03-30,2024-03-31,76.47,10094.04,1
242,204,102,6,63,2024-01-20,2024-01-24,2024-01-27,51.96,3273.48,3
243,203,138,2,416,2024-02-10,2024-02-15,2024-02-14,61.13,25430.08,-1
244,205,137,9,475,2024-01-28,2024-02-05,2024-02-07,56.49,26832.75,2
245,202,102,10,90,2024-02-18,2024-02-26,2024-02-24,51.96,4676.4,-2
246,206,114,2,112,2024-03-09,2024-03-16,2024-03-15,34.3,3841.6,-1
247,207,103,9,316,2024-03-25,2024-04-01,2024-04-02,73.96,23371.36,1
248,204,120,8,200,2024-01-25,2024-01-30,2024-01-29,30.1,6020.0,-1
249,203,121,4,283,2024-02-16,2024-02-23,2024-02-25,89.4,25300.2,2
250,201,147,6,277,2024-03-29,2024-04-05,2024-04-08,54.68,15146.36,3
251,201,123,7,308,2024-02-15,2024-02-18,2024-02-16,26.99,8312.92,-2
252,207,123,2,279,2024-03-18,2024-03-23,2024-03-24,26.99,7530.21,1
253,202,114,7,447,2024-03-09,2024-03-15,2024-03-13,34.3,15332.1,-2
254,202,143,7,457,2024-03-18,2024-03-21,2024-03-24,25.75,11767.75,3
255,205,121,5,259,2024-01-16,2024-01-25,2024-01-27,89.4,23154.6,2
256,202,132,7,373,2024-03-14,2024-03-23,2024-03-24,67.5,25177.5,1
257,207,111,4,111,2024-01-02,2024-01-06,2024-01-04,19.54,2168.94,-2
258,207,116,7,495,2024-01-13,2024-01-17,2024-01-18,36.14,17889.3,1
259,200,127,1,87,2024-03-29,2024-04-04,2024-04-02,59.85,5206.95,-2
260,206,132,3,115,2024-02-24,2024-02-28,2024-03-02,67.5,7762.5,3
261,203,144,7,222,2024-02-07,2024-02-13,2024-02-15,21.09,4681.98,2
262,201,137,6,428,2024-01-06,2024-01-14,2024-01-12,56.49,24177.72,-2
263,206,128,6,429,2024-03-21,2024-03-24,2024-03-22,33.23,14255.67,-2
264,207,118,7,425,2024-03-30,2024-04-08,2024-04-10,62.28,26469.0,2
265,201,146,3,353,2024-01-20,2024-01-23,2024-01-25,99.02,34954.06,2
266,207,123,10,274,2024-02-18,2024-02-25,2024-02-23,26.99,7395.26,-2
267,204,132,3,202,2024-01-13,2024-01-20,2024-01-23,67.5,13635.0,3
268,200,121,8,318,2024-03-13,2024-03-17,2024-03-20,89.4,28429.2,3
269,206,132,10,246,2024-02-06,2024-02-14,2024-02-12,67.5,16605.0,-2
270,202,148,6,466,2024-01-19,2024-01-29,2024-01-30,80.49,37508.34,1
271,204,127,4,210,2024-03-14,2024-03-19,2024-03-22,59.85,12568.5,3
272,204,122,2,197,2024-01-22,2024-01-28,2024-01-30,25.17,4958.49,2
273,207,131,5,197,2024-01-29,2024-02-08,2024-02-11,92.29,18181.13,3
274,201,138,5,192,2024-01-30,2024-02-08,2024-02-11,61.13,11736.96,3
275,203,106,3,436,2024-03-11,2024-03-16,2024-03-14,34.65,15107.4,-2
276,200,101,3,459,2024-03-10,2024-03-18,2024-03-17,16.07,7376.13,-1
277,207,100,4,154,2024-01-04,2024-01-11,2024-01-11,61.49,9469.46,0
278,206,136,5,114,2024-02-26,2024-02-29,2024-03-01,49.58,5652.12,1
279,201,118,8,277,2024-03-31,2024-04-10,2024-04-11,62.28,17251.56,1
280,204,131,7,192,2024-01-12,2024-01-19,2024-01-20,92.29,17719.68,1
281,201,122,2,88,2024-01-29,2024-02-03,2024-02-01,25.17,2214.96,-2
282,205,110,6,372,2024-02-05,2024-02-15,2024-02-14,29.54,10988.88,-1
283,201,143,9,211,2024-03-31,2024-04-09,2024-04-10,25.75,5433.25,1
284,201,127,1,212,2024-03-31,2024-04-05,2024-04-07,59.85,12688.2,2
285,200,135,4,54,2024-03-22,2024-03-27,2024-03-27,15.15,818.1,0
286,206,108,4,150,2024-01-29,2024-02-01,2024-02-03,10.22,1533.0,2
287,202,130,5,425,2024-03-03,2024-03-07,2024-03-10,76.47,32499.75,3
288,202,118,8,498,2024-01-26,2024-02-05,2024-02-08,62.28,31015.44,3
289,203,133,2,84,2024-01-01,2024-01-11,2024-01-12,9.95,835.8,1
290,203,135,8,69,2024-03-31,2024-04-03,2024-04-02,15.15,1045.35,-1
291,204,144,7,373,2024-03-19,2024-03-23,2024-03-23,21.09,7866.57,0
292,205,115,10,386,2024-03-02,2024-03-05,2024-03-06,7.16,2763.76,1
293,203,119,3,298,2024-02-07,2024-02-14,2024-02-12,39.44,11753.12,-2
294,206,140,8,328,2024-03-17,2024-03-23,2024-03-22,21.0,6888.0,-1
295,201,118,8,436,2024-01-29,2024-02-04,2024-02-05,62.28,27154.08,1
296,207,126,5,389,2024-02-11,2024-02-17,2024-02-15,82.1,31936.9,-2
297,202,107,7,388,2024-02-29,2024-03-05,2024-03-05,32.88,12757.44,0
298,206,122,2,446,2024-03-31,2024-04-08,2024-04-11,25.17,11225.82,3
299,206,131,8,64,2024-03-28,2024-04-02,2024-04-01,92.29,5906.56,-1
300,203,117,5,337,2024-02-22,2024-03-01,2024-03-02,87.6,29521.2,1
301,205,116,6,464,2024-02-22,2024-02-26,2024-02-27,36.14,16768.96,1
302,206,127,8,187,2024-02-03,2024-02-07,2024-02-08,59.85,11191.95,1
303,203,146,8,469,2024-02-13,2024-02-16,2024-02-15,99.02,46440.38,-1
304,207,119,1,343,2024-02-22,2024-02-27,2024-03-01,39.44,13527.92,3
305,203,134,3,364,2024-03-21,2024-03-25,2024-03-23,95.15,34634.6,-2
306,202,121,10,60,2024-03-18,2024-03-23,2024-03-21,89.4,5364.0,-2
307,201,124,1,230,2024-03-31,2024-04-09,2024-04-07,84.94,19536.2,-2
308,200,104,9,235,2024-03-07,2024-03-13,2024-03-14,64.37,15126.95,1
309,202,112,9,490,2024-03-09,2024-03-15,2024-03-17,44.14,21628.6,2
310,202,118,4,261,2024-02-17,2024-02-25,2024-02-24,62.28,16255.08,-1
311,203,135,4,482,2024-01-02,2024-01-12,2024-01-13,15.15,7302.3,1
312,201,148,1,455,2024-03-05,2024-03-13,2024-03-14,80.49,36622.95,1
313,202,102,8,62,2024-02-06,2024-02-10,2024-02-09,51.96,3221.52,-1
314,203,140,4,433,2024-01-05,2024-01-11,2024-01-12,21.0,9093.0,1
315,206,124,2,498,2024-01-17,2024-01-21,2024-01-24,84.94,42300.12,3
316,201,105,5,419,2024-01-10,2024-01-17,2024-01-17,84.35,35342.65,0
317,200,101,7,127,2024-03-10,2024-03-17,2024-03-19,16.07,2040.89,2
318,206,147,2,489,2024-01-25,2024-01-28,2024-01-31,54.68,26738.52,3
319,206,120,5,61,2024-03-06,2024-03-11,2024-03-13,30.1,1836.1,2
320,207,117,5,185,2024-01-26,2024-02-03,2024-02-01,87.6,16206.0,-2
321,206,130,10,97,2024-02-07,2024-02-12,2024-02-13,76.47,7417.59,1
322,204,126,4,409,2024-03-02,2024-03-09,2024-03-11,82.1,33578.9,2
323,203,132,9,304,2024-02-18,2024-02-21,2024-02-19,67.5,20520.0,-2
324,201,123,7,345,2024-02-27,2024-03-07,2024-03-07,26.99,9311.55,0
325,203,125,1,294,2024-02-27,2024-03-05,2024-03-03,56.42,16587.48,-2
326,204,106,10,464,2024-02-12,2024-02-18,2024-02-19,34.65,16077.6,1
327,202,106,2,353,2024-01-27,2024-02-02,2024-02-05,34.65,12231.45,3
328,202,105,4,479,2024-02-21,2024-02-28,2024-02-26,84.35,40403.65,-2
329,203,133,8,179,2024-01-08,2024-01-17,2024-01-18,9.95,1781.05,1
330,205,119,7,214,2024-01-20,2024-01-24,2024-01-23,39.44,8440.16,-1
331,206,138,10,403,2024-01-01,2024-01-11,2024-01-14,61.13,24635.39,3
332,207,148,4,210,2024-03-10,2024-03-20,2024-03-23,80.49,16902.9,3
333,207,120,4,313,2024-03-31,2024-04-05,2024-04-04,30.1,9421.3,-1
334,201,147,9,408,2024-01-14,2024-01-18,2024-01-16,54.68,22309.44,-2
335,202,124,2,316,2024-01-02,2024-01-07,2024-01-10,84.94,26841.04,3
336,203,110,2,69,2024-02-26,2024-03-01,2024-03-02,29.54,2038.26,1
337,202,131,7,299,2024-03-21,2024-03-26,2024-03-24,92.29,27594.71,-2
338,206,147,3,201,2024-02-21,2024-02-27,2024-02-27,54.68,10990.68,0
339,204,127,2,317,2024-03-27,2024-04-05,2024-04-04,59.85,18972.45,-1
340,205,139,6,134,2024-03-13,2024-03-21,2024-03-24,80.44,10778.96,3
341,203,118,3,240,2024-03-19,2024-03-29,2024-04-01,62.28,14947.2,3
342,204,138,9,157,2024-03-01,2024-03-11,2024-03-10,61.13,9597.41,-1
343,202,147,6,416,2024-01-22,2024-01-31,2024-01-30,54.68,22746.88,-1
344,205,100,8,126,2024-02-23,2024-02-29,2024-02-27,61.49,7747.74,-2
345,200,104,8,146,2024-02-09,2024-02-14,2024-02-16,64.37,9398.02,2
346,201,144,4,219,2024-03-09,2024-03-17,2024-03-18,21.09,4618.71,1
347,207,103,2,84,2024-03-17,2024-03-20,2024-03-20,73.96,6212.64,0
348,203,140,6,57,2024-02-14,2024-02-20,2024-02-22,21.0,1197.0,2
349,204,117,4,423,2024-02-24,2024-03-05,2024-03-08,87.6,37054.8,3
350,206,123,5,327,2024-02-02,2024-02-05,2024-02-06,26.99,8825.73,1
351,202,104,4,160,2024-01-14,2024-01-23,2024-01-24,64.37,10299.2,1
352,204,111,5,114,2024-03-13,2024-03-17,2024-03-18,19.54,2227.56,1
353,206,137,9,445,2024-02-12,2024-02-22,2024-02-25,56.49,25138.05,3
354,204,138,10,292,2024-03-19,2024-03-22,2024-03-23,61.13,17849.96,1
355,200,110,4,96,2024-01-30,2024-02-09,2024-02-08,29.54,2835.84,-1
356,202,109,10,497,2024-01-22,2024-01-31,2024-02-02,96.59,48005.23,2
357,201,120,1,311,2024-01-07,2024-01-12,2024-01-10,30.1,9361.1,-2
358,207,127,8,306,2024-02-11,2024-02-19,2024-02-17,59.85,18314.1,-2
359,206,115,2,411,2024-02-18,2024-02-27,2024-02-29,7.16,2942.76,2
360,204,122,8,321,2024-03-07,2024-03-12,2024-03-10,25.17,8079.57,-2
361,203,138,2,476,2024-01-22,2024-01-27,2024-01-26,61.13,29097.88,-1
362,202,145,5,276,2024-02-25,2024-03-02,2024-03-05,87.06,24028.56,3
363,204,144,8,335,2024-03-28,2024-04-05,2024-04-05,21.09,7065.15,0
364,205,141,7,493,2024-01-23,2024-01-28,2024-01-26,59.06,29116.58,-2
365,205,129,6,365,2024-02-24,2024-03-04,2024-03-07,33.27,12143.55,3
366,206,112,9,432,2024-02-17,2024-02-25,2024-02-23,44.14,19068.48,-2
367,207,112,1,149,2024-02-16,2024-02-24,2024-02-26,44.14,6576.86,2
368,204,137,1,238,2024-02-12,2024-02-22,2024-02-20,56.49,13444.62,-2
369,200,132,5,67,2024-03-18,2024-03-25,2024-03-26,67.5,4522.5,1
370,207,141,5,406,2024-02-20,2024-02-25,2024-02-28,59.06,23978.36,3
371,200,117,5,491,2024-03-14,2024-03-18,2024-03-20,87.6,43011.6,2
372,207,138,8,292,2024-03-03,2024-03-08,2024-03-06,61.13,17849.96,-2
373,200,106,9,363,2024-02-17,2024-02-22,2024-02-22,34.65,12577.95,0
374,202,145,3,264,2024-01-17,2024-01-26,2024-01-27,87.06,22983.84,1
375,207,103,2,81,2024-03-22,2024-03-25,2024-03-27,73.96,5990.76,2
376,204,106,6,364,2024-01-25,2024-02-01,2024-01-31,34.65,12612.6,-1
377,205,121,1,350,2024-03-31,2024-04-09,2024-04-11,89.4,31290.0,2
378,200,133,6,263,2024-03-26,2024-04-02,2024-04-04,9.95,2616.85,2
379,203,104,1,423,2024-03-05,2024-03-08,2024-03-07,64.37,27228.51,-1
380,202,105,5,191,2024-02-26,2024-03-02,2024-02-29,84.35,16110.85,-2
381,206,112,10,432,2024-01-23,2024-01-31,2024-01-29,44.14,19068.48,-2
382,204,119,1,110,2024-03-12,2024-03-18,2024-03-21,39.44,4338.4,3
383,201,129,6,95,2024-03-13,2024-03-22,2024-03-25,33.27,3160.65,3
384,202,105,2,212,2024-01-12,2024-01-19,2024-01-21,84.35,17882.2,2
385,200,140,10,161,2024-01-22,2024-01-29,2024-02-01,21.0,3381.0,3
386,201,129,6,478,2024-02-01,2024-02-06,2024-02-06,33.27,15903.06,0
387,202,147,4,244,2024-02-09,2024-02-17,2024-02-20,54.68,13341.92,3
388,204,111,5,211,2024-01-18,2024-01-22,2024-01-25,19.54,4122.94,3
389,203,114,7,140,2024-02-04,2024-02-08,2024-02-08,34.3,4802.0,0
390,207,116,5,300,2024-02-03,2024-02-11,2024-02-12,36.14,10842.0,1
391,205,137,6,317,2024-02-14,2024-02-24,2024-02-22,56.49,17907.33,-2
392,202,140,8,247,2024-01-05,2024-01-15,2024-01-13,21.0,5187.0,-2
393,203,134,3,227,2024-03-30,2024-04-07,2024-04-06,95.15,21599.05,-1
394,205,113,5,332,2024-03-30,2024-04-05,2024-04-07,55.44,18406.08,2
395,203,105,5,289,2024-02-03,2024-02-12,2024-02-13,84.35,24377.15,1
396,201,102,5,373,2024-03-07,2024-03-16,2024-03-17,51.96,19381.08,1
397,202,130,3,215,2024-02-29,2024-03-06,2024-03-08,76.47,16441.05,2
398,206,136,6,67,2024-03-25,2024-03-30,2024-03-28,49.58,3321.86,-2
399,201,144,6,495,2024-03-21,2024-03-31,2024-03-31,21.09,10439.55,0
400,206,110,1,222,2024-03-01,2024-03-10,2024-03-08,29.54,6557.88,-2
401,205,111,2,289,2024-02-09,2024-02-13,2024-02-16,19.54,5647.06,3
402,200,111,9,283,2024-02-26,2024-03-07,2024-03-08,19.54,5529.82,1
403,206,136,10,477,2024-02-21,2024-03-02,2024-03-03,49.58,23649.66,1
404,205,116,4,297,2024-03-17,2024-03-22,2024-03-24,36.14,10733.58,2
405,200,119,7,105,2024-01-30,2024-02-08,2024-02-10,39.44,4141.2,2
406,204,127,7,353,2024-03-14,2024-03-24,2024-03-27,59.85,21127.05,3
407,202,110,1,407,2024-02-08,2024-02-13,2024-02-12,29.54,12022.78,-1
408,202,112,9,220,2024-01-17,2024-01-25,2024-01-27,44.14,9710.8,2
409,204,105,1,284,2024-01-19,2024-01-25,2024-01-26,84.35,23955.4,1
410,207,110,7,125,2024-01-01,2024-01-04,2024-01-07,29.54,3692.5,3
411,204,111,4,144,2024-02-09,2024-02-17,2024-02-20,19.54,2813.76,3
412,206,113,4,175,2024-01-12,2024-01-15,2024-01-16,55.44,9702.0,1
413,205,143,3,131,2024-01-01,2024-01-06,2024-01-09,25.75,3373.25,3
414,207,106,6,251,2024-03-11,2024-03-17,2024-03-17,34.65,8697.15,0
415,206,130,4,174,2024-02-29,2024-03-03,2024-03-06,76.47,13305.78,3
416,202,124,2,254,2024-02-10,2024-02-17,2024-02-15,84.94,21574.76,-2
417,206,118,6,323,2024-03-17,2024-03-25,2024-03-26,62.28,20116.44,1
418,207,122,2,350,2024-03-26,2024-04-04,2024-04-07,25.17,8809.5,3
419,202,114,1,235,2024-01-31,2024-02-08,2024-02-11,34.3,8060.5,3
420,200,132,6,434,2024-03-19,2024-03-29,2024-03-31,67.5,29295.0,2
421,203,104,7,146,2024-01-18,2024-01-21,2024-01-19,64.37,9398.02,-2
422,204,113,1,223,2024-02-25,2024-02-29,2024-02-28,55.44,12363.12,-1
423,202,141,7,195,2024-02-24,2024-03-02,2024-03-04,59.06,11516.7,2
424,207,124,5,265,2024-01-05,2024-01-10,2024-01-13,84.94,22509.1,3
425,206,110,3,477,2024-03-28,2024-04-05,2024-04-05,29.54,14090.58,0
426,201,129,2,425,2024-02-14,2024-02-21,2024-02-21,33.27,14139.75,0
427,206,141,2,213,2024-01-02,2024-01-07,2024-01-09,59.06,12579.78,2
428,206,136,3,55,2024-03-28,2024-04-06,2024-04-07,49.58,2726.9,1
429,206,141,8,205,2024-02-24,2024-03-04,2024-03-03,59.06,12107.3,-1
430,201,116,7,307,2024-03-18,2024-03-23,2024-03-23,36.14,11094.98,0
431,207,149,6,236,2024-02-12,2024-02-19,2024-02-18,22.82,5385.52,-1
432,206,111,2,495,2024-03-09,2024-03-15,2024-03-18,19.54,9672.3,3
433,200,109,2,352,2024-02-13,2024-02-18,2024-02-21,96.59,33999.68,3
434,207,112,5,287,2024-02-25,2024-03-03,2024-03-04,44.14,12668.18,1
435,201,102,5,237,2024-03-03,2024-03-09,2024-03-08,51.96,12314.52,-1
436,205,138,1,222,2024-02-02,2024-02-06,2024-02-06,61.13,13570.86,0
437,200,149,5,141,2024-03-10,2024-03-19,2024-03-18,22.82,3217.62,-1
438,206,122,5,216,2024-01-03,2024-01-10,2024-01-08,25.17,5436.72,-2
439,200,140,5,232,2024-03-17,2024-03-25,2024-03-24,21.0,4872.0,-1
440,206,134,1,93,2024-02-01,2024-02-09,2024-02-12,95.15,8848.95,3
441,202,106,9,302,2024-01-19,2024-01-29,2024-01-28,34.65,10464.3,-1
442,205,117,7,366,2024-02-28,2024-03-07,2024-03-08,87.6,32061.6,1
443,207,146,4,217,2024-01-06,2024-01-11,2024-01-13,99.02,21487.34,2
444,202,102,6,376,2024-03-18,2024-03-23,2024-03-24,51.96,19536.96,1
445,201,124,2,433,2024-02-13,2024-02-19,2024-02-22,84.94,36779.02,3
446,206,127,5,432,2024-01-03,2024-01-09,2024-01-09,59.85,25855.2,0
447,201,146,5,456,2024-02-25,2024-03-04,2024-03-02,99.02,45153.12,-2
448,204,136,4,313,2024-02-08,2024-02-14,2024-02-16,49.58,15518.54,2
449,200,115,9,292,2024-02-17,2024-02-21,2024-02-23,7.16,2090.72,2
450,206,148,4,402,2024-02-05,2024-02-14,2024-02-14,80.49,32356.98,0
451,200,117,3,142,2024-03-18,2024-03-26,2024-03-24,87.6,12439.2,-2
452,200,117,5,59,2024-02-22,2024-03-03,2024-03-05,87.6,5168.4,2
453,202,142,7,286,2024-02-05,2024-02-12,2024-02-13,64.93,18569.98,1
454,205,140,10,165,2024-01-13,2024-01-21,2024-01-19,21.0,3465.0,-2
455,205,145,1,363,2024-01-29,2024-02-06,2024-02-07,87.06,31602.78,1
456,207,146,5,375,2024-03-16,2024-03-23,2024-03-23,99.02,37132.5,0
457,206,121,10,56,2024-03-01,2024-03-07,2024-03-05,89.4,5006.4,-2
458,205,121,6,127,2024-02-14,2024-02-20,2024-02-20,89.4,11353.8,0
459,207,147,8,407,2024-01-27,2024-01-31,2024-02-03,54.68,22254.76,3
460,206,143,3,66,2024-02-02,2024-02-06,2024-02-04,25.75,1699.5,-2
461,207,105,10,92,2024-03-12,2024-03-22,2024-03-24,84.35,7760.2,2
462,205,147,4,434,2024-02-08,2024-02-18,2024-02-17,54.68,23731.12,-1
463,207,128,6,369,2024-01-04,2024-01-07,2024-01-06,33.23,12261.87,-1
464,205,110,10,262,2024-03-13,2024-03-21,2024-03-23,29.54,7739.48,2
465,204,148,1,301,2024-03-12,2024-03-18,2024-03-18,80.49,24227.49,0
466,202,124,4,485,2024-02-18,2024-02-21,2024-02-19,84.94,41195.9,-2
467,206,106,2,106,2024-01-28,2024-02-05,2024-02-04,34.65,3672.9,-1
468,202,118,10,255,2024-01-21,2024-01-30,2024-01-30,62.28,15881.4,0
469,205,126,9,356,2024-01-28,2024-02-01,2024-02-01,82.1,29227.6,0
470,205,120,5,390,2024-03-21,2024-03-28,2024-03-29,30.1,11739.0,1
471,206,132,6,303,2024-01-29,2024-02-02,2024-02-02,67.5,20452.5,0
472,207,118,8,254,2024-01-21,2024-01-29,2024-01-28,62.28,15819.12,-1
473,205,100,5,138,2024-02-29,2024-03-04,2024-03-03,61.49,8485.62,-1
474,206,124,2,146,2024-02-23,2024-02-28,2024-02-28,84.94,12401.24,0
475,203,139,1,367,2024-01-18,2024-01-24,2024-01-25,80.44,29521.48,1
476,206,105,9,362,2024-01-03,2024-01-13,2024-01-16,84.35,30534.7,3
477,207,110,4,239,2024-03-28,2024-04-01,2024-03-31,29.54,7060.06,-1
478,206,147,1,492,2024-03-11,2024-03-20,2024-03-21,54.68,26902.56,1
479,207,110,4,497,2024-02-17,2024-02-25,2024-02-23,29.54,14681.38,-2
480,207,111,4,117,2024-01-26,2024-01-29,2024-01-31,19.54,2286.18,2
481,200,104,5,286,2024-01-27,2024-02-03,2024-02-02,64.37,18409.82,-1
482,207,115,8,286,2024-01-31,2024-02-04,2024-02-04,7.16,2047.76,0
483,201,141,9,496,2024-03-18,2024-03-22,2024-03-20,59.06,29293.76,-2
484,207,115,3,433,2024-01-09,2024-01-17,2024-01-16,7.16,3100.28,-1
485,206,143,1,491,2024-03-07,2024-03-17,2024-03-18,25.75,12643.25,1
486,206,104,7,325,2024-02-03,2024-02-07,2024-02-10,64.37,20920.25,3
487,200,145,2,473,2024-02-26,2024-03-07,2024-03-09,87.06,41179.38,2
488,206,118,1,254,2024-01-06,2024-01-09,2024-01-11,62.28,15819.12,2
489,207,140,9,103,2024-02-24,2024-02-29,2024-03-01,21.0,2163.0,1
490,201,116,3,261,2024-01-22,2024-01-25,2024-01-25,36.14,9432.54,0
491,203,109,6,185,2024-03-02,2024-03-10,2024-03-09,96.59,17869.15,-1
492,201,121,2,301,2024-02-28,2024-03-05,2024-03-07,89.4,26909.4,2
493,204,148,4,402,2024-02-13,2024-02-21,2024-02-22,80.49,32356.98,1
494,207,121,8,340,2024-03-30,2024-04-04,2024-04-03,89.4,30396.0,-1
495,200,138,5,317,2024-01-18,2024-01-26,2024-01-28,61.13,19378.21,2
496,203,101,5,235,2024-02-17,2024-02-26,2024-02-27,16.07,3776.45,1
497,202,119,5,206,2024-03-13,2024-03-16,2024-03-16,39.44,8124.64,0
498,207,145,8,129,2024-03-27,2024-04-05,2024-04-06,87.06,11230.74,1
499,204,109,3,376,2024-02-19,2024-02-29,2024-02-29,96.59,36317.84,0
500,203,101,4,125,2024-03-15,2024-03-22,2024-03-21,16.07,2008.75,-1
501,204,100,10,310,2024-02-16,2024-02-21,2024-02-22,61.49,19061.9,1
502,207,125,9,226,2024-03-20,2024-03-28,2024-03-30,56.42,12750.92,2
503,205,137,3,243,2024-03-07,2024-03-15,2024-03-18,56.49,13727.07,3
504,202,141,8,139,2024-03-08,2024-03-15,2024-03-17,59.06,8209.34,2
505,200,124,8,225,2024-03-26,2024-04-03,2024-04-06,84.94,19111.5,3
506,203,119,4,192,2024-01-29,2024-02-07,2024-02-07,39.44,7572.48,0
507,201,149,10,232,2024-03-24,2024-04-01,2024-04-04,22.82,5294.24,3
508,200,129,8,429,2024-03-08,2024-03-15,2024-03-14,33.27,14272.83,-1
509,200,123,4,100,2024-02-21,2024-02-26,2024-02-26,26.99,2699.0,0
510,201,132,6,323,2024-02-04,2024-02-08,2024-02-06,67.5,21802.5,-2
511,200,105,9,317,2024-02-27,2024-03-07,2024-03-07,84.35,26738.95,0
512,204,115,4,383,2024-01-24,2024-01-27,2024-01-26,7.16,2742.28,-1
513,207,114,4,361,2024-01-23,2024-01-26,2024-01-24,34.3,12382.3,-2
514,204,135,5,147,2024-01-12,2024-01-15,2024-01-14,15.15,2227.05,-1
515,204,108,2,166,2024-01-08,2024-01-15,2024-01-15,10.22,1696.52,0
516,207,137,4,324,2024-02-29,2024-03-06,2024-03-08,56.49,18302.76,2
517,201,120,1,109,2024-01-26,2024-02-01,2024-01-30,30.1,3280.9,-2
518,207,105,8,327,2024-01-26,2024-02-01,2024-01-31,84.35,27582.45,-1
519,207,113,10,54,2024-02-08,2024-02-12,2024-02-12,55.44,2993.76,0
520,201,127,10,149,2024-02-26,2024-03-05,2024-03-03,59.85,8917.65,-2
521,207,140,10,436,2024-01-01,2024-01-07,2024-01-05,21.0,9156.0,-2
522,204,138,7,140,2024-03-04,2024-03-12,2024-03-12,61.13,8558.2,0
523,207,132,6,380,2024-03-06,2024-03-16,2024-03-14,67.5,25650.0,-2
524,203,116,5,397,2024-02-13,2024-02-19,2024-02-22,36.14,14347.58,3
525,204,132,9,107,2024-03-21,2024-03-30,2024-04-01,67.5,7222.5,2
526,200,131,3,290,2024-02-10,2024-02-15,2024-02-18,92.29,26764.1,3
527,202,110,8,394,2024-01-09,2024-01-13,2024-01-13,29.54,11638.76,0
528,207,106,5,401,2024-02-13,2024-02-20,2024-02-20,34.65,13894.65,0
529,203,111,9,159,2024-01-14,2024-01-23,2024-01-24,19.54,3106.86,1
530,204,132,5,291,2024-02-10,2024-02-20,2024-02-19,67.5,19642.5,-1
531,204,143,2,342,2024-03-19,2024-03-29,2024-04-01,25.75,8806.5,3
532,202,120,3,452,2024-01-25,2024-01-31,2024-02-01,30.1,13605.2,1
533,202,110,3,292,2024-02-11,2024-02-21,2024-02-24,29.54,8625.68,3
534,204,126,10,291,2024-01-30,2024-02-09,2024-02-12,82.1,23891.1,3
535,202,123,5,422,2024-02-09,2024-02-16,2024-02-19,26.99,11389.78,3
536,205,147,6,267,2024-02-27,2024-03-07,2024-03-06,54.68,14599.56,-1
537,206,125,10,78,2024-01-01,2024-01-04,2024-01-03,56.42,4400.76,-1
538,202,122,7,59,2024-02-28,2024-03-07,2024-03-09,25.17,1485.03,2
539,204,113,4,62,2024-02-07,2024-02-12,2024-02-12,55.44,3437.28,0
540,206,127,6,336,2024-02-11,2024-02-18,2024-02-17,59.85,20109.6,-1
541,207,113,4,88,2024-02-05,2024-02-09,2024-02-11,55.44,4878.72,2
542,205,110,4,353,2024-03-02,2024-03-08,2024-03-07,29.54,10427.62,-1
543,206,102,8,299,2024-03-29,2024-04-02,2024-04-05,51.96,15536.04,3
544,206,117,4,78,2024-01-08,2024-01-13,2024-01-12,87.6,6832.8,-1
545,205,117,6,106,2024-02-26,2024-03-01,2024-02-29,87.6,9285.6,-1
546,201,108,8,261,2024-02-11,2024-02-17,2024-02-19,10.22,2667.42,2
547,204,109,3,337,2024-03-14,2024-03-19,2024-03-22,96.59,32550.83,3
548,203,128,2,329,2024-02-11,2024-02-14,2024-02-17,33.23,10932.67,3
549,204,135,5,121,2024-03-29,2024-04-05,2024-04-07,15.15,1833.15,2
550,205,144,2,432,2024-02-16,2024-02-20,2024-02-18,21.09,9110.88,-2
551,205,111,4,285,2024-02-29,2024-03-09,2024-03-12,19.54,5568.9,3
552,203,121,6,182,2024-03-27,2024-03-30,2024-03-28,89.4,16270.8,-2
553,200,138,5,378,2024-01-18,2024-01-24,2024-01-25,61.13,23107.14,1
554,206,127,7,475,2024-03-03,2024-03-10,2024-03-11,59.85,28428.75,1
555,205,103,9,273,2024-01-03,2024-01-08,2024-01-07,73.96,20191.08,-1
556,205,132,1,194,2024-03-09,2024-03-19,2024-03-19,67.5,13095.0,0
557,201,121,10,97,2024-01-10,2024-01-13,2024-01-15,89.4,8671.8,2
558,201,149,9,458,2024-03-09,2024-03-14,2024-03-15,22.82,10451.56,1
559,207,105,9,147,2024-03-19,2024-03-28,2024-03-30,84.35,12399.45,2
560,206,149,2,281,2024-02-05,2024-02-09,2024-02-12,22.82,6412.42,3
561,205,141,3,381,2024-01-10,2024-01-20,2024-01-19,59.06,22501.86,-1
562,207,121,10,428,2024-03-08,2024-03-13,2024-03-13,89.4,38263.2,0
563,206,101,7,53,2024-03-14,2024-03-24,2024-03-25,16.07,851.71,1
564,200,124,10,215,2024-01-02,2024-01-10,2024-01-10,84.94,18262.1,0
565,204,109,7,395,2024-01-29,2024-02-06,2024-02-08,96.59,38153.05,2
566,207,134,6,152,2024-03-24,2024-03-31,2024-04-01,95.15,14462.8,1
567,202,122,10,155,2024-01-25,2024-01-30,2024-01-31,25.17,3901.35,1
568,201,111,5,358,2024-01-04,2024-01-09,2024-01-11,19.54,6995.32,2
569,202,149,1,85,2024-03-10,2024-03-13,2024-03-13,22.82,1939.7,0
570,203,120,6,153,2024-03-25,2024-03-30,2024-04-01,30.1,4605.3,2
571,206,110,5,161,2024-02-04,2024-02-08,2024-02-10,29.54,4755.94,2
572,202,101,6,477,2024-02-26,2024-03-07,2024-03-08,16.07,7665.39,1
573,207,101,7,75,2024-01-27,2024-02-02,2024-02-05,16.07,1205.25,3
574,206,128,8,444,2024-01-26,2024-01-30,2024-01-31,33.23,14754.12,1
575,201,137,7,309,2024-01-12,2024-01-15,2024-01-17,56.49,17455.41,2
576,201,146,10,111,2024-01-21,2024-01-26,2024-01-29,99.02,10991.22,3
577,205,147,8,147,2024-02-10,2024-02-20,2024-02-18,54.68,8037.96,-2
578,205,105,4,310,2024-03-02,2024-03-12,2024-03-11,84.35,26148.5,-1
579,200,129,2,461,2024-01-01,2024-01-05,2024-01-06,33.27,15337.47,1
580,201,125,7,208,2024-02-15,2024-02-21,2024-02-20,56.42,11735.36,-1
581,204,127,2,93,2024-01-30,2024-02-09,2024-02-12,59.85,5566.05,3
582,200,130,7,381,2024-02-05,2024-02-11,2024-02-13,76.47,29135.07,2
583,202,102,6,339,2024-02-01,2024-02-06,2024-02-04,51.96,17614.44,-2
584,202,108,1,290,2024-01-18,2024-01-26,2024-01-25,10.22,2963.8,-1
585,203,103,1,240,2024-03-25,2024-03-30,2024-03-29,73.96,17750.4,-1
586,202,126,10,139,2024-02-23,2024-02-29,2024-03-03,82.1,11411.9,3
587,202,109,9,452,2024-02-16,2024-02-25,2024-02-24,96.59,43658.68,-1
588,207,101,3,256,2024-01-27,2024-01-31,2024-02-03,16.07,4113.92,3
589,205,116,6,219,2024-01-04,2024-01-13,2024-01-13,36.14,7914.66,0
590,200,130,1,73,2024-01-19,2024-01-23,2024-01-26,76.47,5582.31,3
591,202,124,9,57,2024-01-21,2024-01-28,2024-01-27,84.94,4841.58,-1
592,201,114,6,107,2024-02-23,2024-02-28,2024-02-27,34.3,3670.1,-1
593,206,129,8,118,2024-03-09,2024-03-14,2024-03-14,33.27,3925.86,0
594,200,140,10,290,2024-02-09,2024-02-17,2024-02-20,21.0,6090.0,3
595,205,108,5,237,2024-03-25,2024-03-31,2024-04-02,10.22,2422.14,2
596,201,142,10,433,2024-03-02,2024-03-08,2024-03-08,64.93,28114.69,0
597,202,112,10,116,2024-01-29,2024-02-05,2024-02-05,44.14,5120.24,0
598,201,114,3,256,2024-01-13,2024-01-22,2024-01-20,34.3,8780.8,-2
599,201,139,5,178,2024-02-01,2024-02-11,2024-02-14,80.44,14318.32,3
600,204,146,3,286,2024-02-12,2024-02-22,2024-02-25,99.02,28319.72,3
601,204,133,10,266,2024-01-17,2024-01-27,2024-01-26,9.95,2646.7,-1
602,202,142,6,485,2024-03-15,2024-03-20,2024-03-21,64.93,31491.05,1
603,206,147,1,456,2024-03-21,2024-03-28,2024-03-27,54.68,24934.08,-1
604,200,111,4,67,2024-01-19,2024-01-22,2024-01-24,19.54,1309.18,2
605,206,110,4,342,2024-02-11,2024-02-19,2024-02-19,29.54,10102.68,0
606,205,130,8,495,2024-01-25,2024-02-01,2024-02-03,76.47,37852.65,2
607,207,125,10,368,2024-01-28,2024-02-07,2024-02-09,56.42,20762.56,2
608,207,134,5,193,2024-01-16,2024-01-20,2024-01-19,95.15,18363.95,-1
609,205,121,9,224,2024-01-24,2024-02-03,2024-02-05,89.4,20025.6,2
610,207,149,8,392,2024-03-25,2024-04-04,2024-04-02,22.82,8945.44,-2
611,204,148,6,268,2024-01-09,2024-01-14,2024-01-16,80.49,21571.32,2
612,202,134,1,284,2024-01-13,2024-01-18,2024-01-19,95.15,27022.6,1
613,204,107,2,207,2024-01-17,2024-01-21,2024-01-20,32.88,6806.16,-1
614,201,127,8,253,2024-03-05,2024-03-08,2024-03-08,59.85,15142.05,0
615,202,112,9,447,2024-03-28,2024-04-03,2024-04-06,44.14,19730.58,3
616,205,112,1,449,2024-03-08,2024-03-18,2024-03-20,44.14,19818.86,2
617,200,136,3,326,2024-03-09,2024-03-19,2024-03-22,49.58,16163.08,3
618,202,144,4,101,2024-02-17,2024-02-21,2024-02-20,21.09,2130.09,-1
619,203,140,3,362,2024-01-20,2024-01-30,2024-02-02,21.0,7602.0,3
620,204,112,7,201,2024-01-07,2024-01-15,2024-01-14,44.14,8872.14,-1
621,206,133,7,214,2024-03-01,2024-03-07,2024-03-06,9.95,2129.3,-1
622,204,146,3,178,2024-01-01,2024-01-06,2024-01-04,99.02,17625.56,-2
623,204,142,9,363,2024-01-27,2024-01-31,2024-01-30,64.93,23569.59,-1
624,200,104,10,123,2024-02-22,2024-03-01,2024-03-02,64.37,7917.51,1
625,203,110,8,380,2024-02-20,2024-02-23,2024-02-25,29.54,11225.2,2
626,203,125,7,86,2024-02-01,2024-02-07,2024-02-06,56.42,4852.12,-1
627,202,117,4,421,2024-02-21,2024-02-24,2024-02-22,87.6,36879.6,-2
628,202,143,10,122,2024-01-27,2024-02-03,2024-02-05,25.75,3141.5,2
629,205,148,5,110,2024-01-02,2024-01-12,2024-01-14,80.49,8853.9,2
630,201,119,9,291,2024-03-21,2024-03-31,2024-04-02,39.44,11477.04,2
631,207,142,4,327,2024-02-08,2024-02-18,2024-02-18,64.93,21232.11,0
632,202,129,10,224,2024-01-10,2024-01-16,2024-01-19,33.27,7452.48,3
633,206,102,5,370,2024-02-02,2024-02-10,2024-02-13,51.96,19225.2,3
634,202,127,8,493,2024-03-31,2024-04-08,2024-04-07,59.85,29506.05,-1
635,204,148,8,102,2024-01-29,2024-02-04,2024-02-07,80.49,8209.98,3
636,205,146,2,303,2024-01-31,2024-02-09,2024-02-07,99.02,30003.06,-2
637,200,126,7,492,2024-03-22,2024-03-25,2024-03-24,82.1,40393.2,-1
638,204,146,5,310,2024-02-02,2024-02-05,2024-02-05,99.02,30696.2,0
639,204,126,6,56,2024-02-15,2024-02-22,2024-02-21,82.1,4597.6,-1
640,207,145,2,303,2024-02-01,2024-02-10,2024-02-13,87.06,26379.18,3
641,206,137,4,103,2024-03-26,2024-03-30,2024-04-01,56.49,5818.47,2
642,206,135,8,495,2024-03-18,2024-03-26,2024-03-24,15.15,7499.25,-2
643,201,102,7,100,2024-03-16,2024-03-26,2024-03-24,51.96,5196.0,-2
644,201,106,10,347,2024-01-31,2024-02-08,2024-02-07,34.65,12023.55,-1
645,206,126,10,381,2024-01-06,2024-01-12,2024-01-15,82.1,31280.1,3
646,200,129,8,431,2024-02-21,2024-02-25,2024-02-23,33.27,14339.37,-2
647,200,142,7,142,2024-01-28,2024-02-02,2024-02-05,64.93,9220.06,3
648,205,140,1,261,2024-01-13,2024-01-18,2024-01-21,21.0,5481.0,3
649,207,146,1,469,2024-02-02,2024-02-10,2024-02-13,99.02,46440.38,3
650,203,122,6,451,2024-02-05,2024-02-08,2024-02-06,25.17,11351.67,-2
651,207,120,1,184,2024-03-30,2024-04-06,2024-04-05,30.1,5538.4,-1
652,205,113,3,449,2024-02-21,2024-03-02,2024-03-02,55.44,24892.56,0
653,201,131,3,365,2024-02-12,2024-02-18,2024-02-16,92.29,33685.85,-2
654,203,147,9,101,2024-02-10,2024-02-16,2024-02-14,54.68,5522.68,-2
655,206,140,2,304,2024-02-10,2024-02-19,2024-02-20,21.0,6384.0,1
656,206,148,3,488,2024-01-26,2024-01-30,2024-01-29,80.49,39279.12,-1
657,205,122,8,436,2024-02-26,2024-03-07,2024-03-05,25.17,10974.12,-2
658,205,110,3,147,2024-01-03,2024-01-07,2024-01-06,29.54,4342.38,-1
659,204,119,10,141,2024-03-12,2024-03-21,2024-03-19,39.44,5561.04,-2
660,201,139,7,96,2024-01-26,2024-01-31,2024-02-03,80.44,7722.24,3
661,206,142,10,416,2024-02-03,2024-02-08,2024-02-06,64.93,27010.88,-2
662,205,134,6,247,2024-02-20,2024-02-26,2024-02-25,95.15,23502.05,-1
663,204,147,2,92,2024-03-19,2024-03-23,2024-03-26,54.68,5030.56,3
664,207,114,6,330,2024-01-06,2024-01-16,2024-01-17,34.3,11319.0,1
665,204,142,3,164,2024-01-04,2024-01-14,2024-01-17,64.93,10648.52,3
666,203,115,4,465,2024-02-26,2024-03-02,2024-02-29,7.16,3329.4,-2
667,200,109,4,60,2024-02-07,2024-02-11,2024-02-13,96.59,5795.4,2
668,207,130,10,332,2024-02-23,2024-02-27,2024-02-25,76.47,25388.04,-2
669,206,112,10,347,2024-01-24,2024-01-28,2024-01-29,44.14,15316.58,1
670,206,140,7,457,2024-02-03,2024-02-12,2024-02-10,21.0,9597.0,-2
671,206,116,6,170,2024-02-17,2024-02-22,2024-02-21,36.14,6143.8,-1
672,205,134,6,118,2024-01-10,2024-01-13,2024-01-11,95.15,11227.7,-2
673,203,144,6,115,2024-03-09,2024-03-12,2024-03-13,21.09,2425.35,1
674,207,132,2,103,2024-03-09,2024-03-14,2024-03-17,67.5,6952.5,3
675,205,114,10,333,2024-03-30,2024-04-07,2024-04-10,34.3,11421.9,3
676,204,129,4,285,2024-03-14,2024-03-24,2024-03-23,33.27,9481.95,-1
677,207,128,10,83,2024-03-16,2024-03-22,2024-03-24,33.23,2758.09,2
678,207,101,3,79,2024-03-12,2024-03-18,2024-03-16,16.07,1269.53,-2
679,202,130,6,231,2024-01-09,2024-01-16,2024-01-18,76.47,17664.57,2
680,204,146,2,422,2024-03-13,2024-03-19,2024-03-20,99.02,41786.44,1
681,207,145,1,441,2024-02-25,2024-03-05,2024-03-05,87.06,38393.46,0
682,203,125,3,208,2024-03-25,2024-03-31,2024-04-02,56.42,11735.36,2
683,204,144,9,341,2024-02-12,2024-02-15,2024-02-18,21.09,7191.69,3
684,202,126,9,350,2024-03-10,2024-03-15,2024-03-16,82.1,28735.0,1
685,200,100,6,111,2024-02-15,2024-02-22,2024-02-24,61.49,6825.39,2
686,201,139,2,423,2024-03-08,2024-03-12,2024-03-11,80.44,34026.12,-1
687,203,146,3,446,2024-02-01,2024-02-08,2024-02-07,99.02,44162.92,-1
688,200,111,3,423,2024-03-24,2024-03-28,2024-03-26,19.54,8265.42,-2
689,201,121,2,343,2024-01-13,2024-01-20,2024-01-18,89.4,30664.2,-2
690,206,126,7,120,2024-03-30,2024-04-08,2024-04-11,82.1,9852.0,3
691,201,111,6,140,2024-02-09,2024-02-14,2024-02-14,19.54,2735.6,0
692,207,116,7,183,2024-01-12,2024-01-15,2024-01-17,36.14,6613.62,2
693,203,112,7,374,2024-02-14,2024-02-22,2024-02-21,44.14,16508.36,-1
694,207,121,2,181,2024-01-13,2024-01-18,2024-01-20,89.4,16181.4,2
695,200,138,1,399,2024-03-12,2024-03-19,2024-03-20,61.13,24390.87,1
696,202,106,6,56,2024-01-01,2024-01-06,2024-01-04,34.65,1940.4,-2
697,206,120,1,459,2024-02-09,2024-02-15,2024-02-18,30.1,13815.9,3
698,205,136,10,146,2024-01-09,2024-01-17,2024-01-17,49.58,7238.68,0
699,202,131,10,226,2024-03-09,2024-03-18,2024-03-16,92.29,20857.54,-2
700,202,143,2,343,2024-03-17,2024-03-20,2024-03-19,25.75,8832.25,-1
701,202,128,3,466,2024-03-05,2024-03-13,2024-03-12,33.23,15485.18,-1
702,200,101,8,463,2024-03-09,2024-03-19,2024-03-17,16.07,7440.41,-2
703,201,118,5,142,2024-02-14,2024-02-18,2024-02-17,62.28,8843.76,-1
704,202,133,10,148,2024-01-13,2024-01-23,2024-01-21,9.95,1472.6,-2
705,205,109,10,330,2024-02-28,2024-03-04,2024-03-04,96.59,31874.7,0
706,201,128,7,83,2024-03-26,2024-04-01,2024-04-02,33.23,2758.09,1
707,205,115,6,468,2024-01-19,2024-01-27,2024-01-29,7.16,3350.88,2
708,206,112,8,80,2024-01-06,2024-01-14,2024-01-16,44.14,3531.2,2
709,201,142,8,389,2024-03-07,2024-03-15,2024-03-16,64.93,25257.77,1
710,206,133,6,152,2024-03-10,2024-03-17,2024-03-16,9.95,1512.4,-1
711,202,120,5,199,2024-02-27,2024-03-04,2024-03-02,30.1,5989.9,-2
712,206,125,7,301,2024-02-18,2024-02-25,2024-02-23,56.42,16982.42,-2
713,201,131,1,297,2024-02-11,2024-02-16,2024-02-14,92.29,27410.13,-2
714,204,124,10,444,2024-03-04,2024-03-09,2024-03-10,84.94,37713.36,1
715,200,133,1,207,2024-01-25,2024-01-28,2024-01-29,9.95,2059.65,1
716,202,147,10,428,2024-03-23,2024-03-27,2024-03-27,54.68,23403.04,0
717,200,134,1,247,2024-01-07,2024-01-12,2024-01-13,95.15,23502.05,1
718,200,122,4,428,2024-03-28,2024-04-03,2024-04-05,25.17,10772.76,2
719,202,133,9,398,2024-03-06,2024-03-16,2024-03-16,9.95,3960.1,0
720,201,113,1,163,2024-02-28,2024-03-02,2024-03-01,55.44,9036.72,-1
721,203,104,6,342,2024-03-04,2024-03-07,2024-03-08,64.37,22014.54,1
722,200,100,10,402,2024-02-18,2024-02-22,2024-02-23,61.49,24718.98,1
723,200,118,2,466,2024-01-31,2024-02-09,2024-02-11,62.28,29022.48,2
724,206,111,6,478,2024-01-30,2024-02-02,2024-02-03,19.54,9340.12,1
725,202,102,7,176,2024-01-19,2024-01-25,2024-01-24,51.96,9144.96,-1
726,204,142,10,342,2024-02-24,2024-02-29,2024-02-29,64.93,22206.06,0
727,204,113,5,55,2024-02-22,2024-02-26,2024-02-26,55.44,3049.2,0
728,206,126,7,468,2024-02-05,2024-02-13,2024-02-13,82.1,38422.8,0
729,200,116,8,252,2024-03-21,2024-03-26,2024-03-29,36.14,9107.28,3
730,207,144,1,403,2024-01-17,2024-01-20,2024-01-19,21.09,8499.27,-1
731,201,104,4,455,2024-01-15,2024-01-22,2024-01-20,64.37,29288.35,-2
732,202,104,8,135,2024-03-09,2024-03-15,2024-03-13,64.37,8689.95,-2
733,206,143,5,196,2024-02-06,2024-02-10,2024-02-08,25.75,5047.0,-2
734,204,136,5,252,2024-01-14,2024-01-22,2024-01-23,49.58,12494.16,1
735,207,105,4,315,2024-01-26,2024-02-05,2024-02-07,84.35,26570.25,2
736,207,130,1,167,2024-01-14,2024-01-24,2024-01-24,76.47,12770.49,0
737,202,124,1,462,2024-01-11,2024-01-20,2024-01-20,84.94,39242.28,0
738,206,115,2,274,2024-03-19,2024-03-23,2024-03-23,7.16,1961.84,0
739,200,128,3,442,2024-03-25,2024-04-04,2024-04-06,33.23,14687.66,2
740,203,149,4,341,2024-02-10,2024-02-18,2024-02-18,22.82,7781.62,0
741,205,109,1,229,2024-02-02,2024-02-09,2024-02-10,96.59,22119.11,1
742,200,112,8,128,2024-02-20,2024-02-25,2024-02-24,44.14,5649.92,-1
743,201,132,5,371,2024-01-29,2024-02-05,2024-02-06,67.5,25042.5,1
744,207,121,4,85,2024-01-04,2024-01-08,2024-01-07,89.4,7599.0,-1
745,204,138,4,123,2024-03-12,2024-03-19,2024-03-20,61.13,7518.99,1
746,200,120,9,83,2024-01-15,2024-01-24,2024-01-22,30.1,2498.3,-2
747,200,133,7,136,2024-03-20,2024-03-24,2024-03-22,9.95,1353.2,-2
748,200,123,6,400,2024-01-19,2024-01-22,2024-01-20,26.99,10796.0,-2
749,206,100,4,79,2024-01-01,2024-01-05,2024-01-03,61.49,4857.71,-2
750,201,149,7,68,2024-01-29,2024-02-04,2024-02-02,22.82,1551.76,-2
751,201,134,10,471,2024-01-03,2024-01-12,2024-01-14,95.15,44815.65,2
752,206,136,8,365,2024-02-06,2024-02-12,2024-02-10,49.58,18096.7,-2
753,203,128,7,363,2024-03-28,2024-04-07,2024-04-08,33.23,12062.49,1
754,207,122,5,282,2024-03-02,2024-03-09,2024-03-07,25.17,7097.94,-2
755,203,123,9,376,2024-01-19,2024-01-29,2024-01-28,26.99,10148.24,-1
756,204,124,3,428,2024-01-21,2024-01-30,2024-02-01,84.94,36354.32,2
757,204,127,1,285,2024-01-19,2024-01-22,2024-01-24,59.85,17057.25,2
758,203,145,7,480,2024-02-21,2024-02-24,2024-02-26,87.06,41788.8,2
759,206,113,6,285,2024-02-23,2024-02-27,2024-03-01,55.44,15800.4,3
760,206,128,8,222,2024-02-29,2024-03-08,2024-03-09,33.23,7377.06,1
761,206,142,6,321,2024-01-18,2024-01-22,2024-01-21,64.93,20842.53,-1
762,203,115,4,149,2024-01-25,2024-01-28,2024-01-31,7.16,1066.84,3
763,207,123,10,241,2024-03-11,2024-03-15,2024-03-15,26.99,6504.59,0
764,206,113,5,105,2024-01-19,2024-01-22,2024-01-23,55.44,5821.2,1
765,207,141,9,261,2024-02-08,2024-02-12,2024-02-11,59.06,15414.66,-1
766,203,112,1,130,2024-02-13,2024-02-16,2024-02-17,44.14,5738.2,1
767,206,133,7,62,2024-01-24,2024-02-03,2024-02-01,9.95,616.9,-2
768,202,124,4,398,2024-02-04,2024-02-10,2024-02-08,84.94,33806.12,-2
769,202,149,10,344,2024-03-23,2024-04-02,2024-04-05,22.82,7850.08,3
770,206,109,4,175,2024-02-10,2024-02-16,2024-02-16,96.59,16903.25,0
771,207,148,3,440,2024-02-10,2024-02-14,2024-02-12,80.49,35415.6,-2
772,200,133,10,452,2024-03-27,2024-04-03,2024-04-03,9.95,4497.4,0
773,200,105,2,219,2024-01-02,2024-01-09,2024-01-10,84.35,18472.65,1
774,205,120,2,127,2024-01-26,2024-02-02,2024-02-01,30.1,3822.7,-1
775,201,119,4,211,2024-02-16,2024-02-25,2024-02-24,39.44,8321.84,-1
776,207,128,10,139,2024-02-13,2024-02-17,2024-02-20,33.23,4618.97,3
777,201,119,5,500,2024-03-12,2024-03-18,2024-03-16,39.44,19720.0,-2
778,206,110,3,366,2024-01-16,2024-01-19,2024-01-21,29.54,10811.64,2
779,207,110,7,403,2024-03-30,2024-04-08,2024-04-07,29.54,11904.62,-1
780,202,107,4,436,2024-02-26,2024-03-05,2024-03-07,32.88,14335.68,2
781,206,108,1,294,2024-03-01,2024-03-09,2024-03-10,10.22,3004.68,1
782,200,149,3,468,2024-03-16,2024-03-25,2024-03-28,22.82,10679.76,3
783,202,128,6,301,2024-02-27,2024-03-07,2024-03-09,33.23,10002.23,2
784,205,122,10,85,2024-01-11,2024-01-18,2024-01-19,25.17,2139.45,1
785,204,108,3,126,2024-03-27,2024-03-30,2024-03-29,10.22,1287.72,-1
786,203,142,2,199,2024-03-22,2024-03-26,2024-03-28,64.93,12921.07,2
787,207,122,2,352,2024-01-03,2024-01-06,2024-01-06,25.17,8859.84,0
788,205,110,7,312,2024-02-02,2024-02-08,2024-02-11,29.54,9216.48,3
789,200,133,5,135,2024-03-03,2024-03-09,2024-03-11,9.95,1343.25,2
790,203,141,1,184,2024-03-30,2024-04-08,2024-04-07,59.06,10867.04,-1
791,205,127,8,433,2024-01-06,2024-01-16,2024-01-16,59.85,25915.05,0
792,201,142,8,66,2024-02-12,2024-02-21,2024-02-22,64.93,4285.38,1
793,200,139,3,204,2024-03-14,2024-03-23,2024-03-22,80.44,16409.76,-1
794,207,112,7,68,2024-02-18,2024-02-22,2024-02-22,44.14,3001.52,0
795,206,144,5,461,2024-02-12,2024-02-16,2024-02-18,21.09,9722.49,2
796,206,127,9,117,2024-03-31,2024-04-06,2024-04-05,59.85,7002.45,-1
797,204,146,6,300,2024-03-11,2024-03-21,2024-03-19,99.02,29706.0,-2
798,201,117,5,93,2024-02-27,2024-03-01,2024-02-28,87.6,8146.8,-2
799,201,132,6,462,2024-01-03,2024-01-10,2024-01-11,67.5,31185.0,1
800,201,115,2,83,2024-01-23,2024-02-01,2024-02-02,7.16,594.28,1
801,203,136,3,54,2024-01-12,2024-01-16,2024-01-16,49.58,2677.32,0
802,205,147,1,129,2024-03-20,2024-03-28,2024-03-31,54.68,7053.72,3
803,207,140,10,452,2024-03-21,2024-03-24,2024-03-22,21.0,9492.0,-2
804,201,139,2,121,2024-01-08,2024-01-12,2024-01-10,80.44,9733.24,-2
805,201,147,4,417,2024-01-24,2024-02-03,2024-02-05,54.68,22801.56,2
806,206,100,2,157,2024-03-28,2024-04-07,2024-04-10,61.49,9653.93,3
807,201,145,1,370,2024-02-19,2024-02-29,2024-02-27,87.06,32212.2,-2
808,207,112,9,303,2024-01-26,2024-02-02,2024-01-31,44.14,13374.42,-2
809,202,145,10,424,2024-03-01,2024-03-04,2024-03-07,87.06,36913.44,3
810,207,103,10,53,2024-01-24,2024-01-31,2024-02-02,73.96,3919.88,2
811,203,111,2,499,2024-02-03,2024-02-09,2024-02-11,19.54,9750.46,2
812,203,136,9,409,2024-03-30,2024-04-03,2024-04-06,49.58,20278.22,3
813,202,112,2,133,2024-02-11,2024-02-18,2024-02-20,44.14,5870.62,2
814,204,140,7,309,2024-03-17,2024-03-20,2024-03-20,21.0,6489.0,0
815,206,113,5,426,2024-02-02,2024-02-08,2024-02-11,55.44,23617.44,3
816,200,133,4,178,2024-03-24,2024-03-28,2024-03-28,9.95,1771.1,0
817,202,148,5,82,2024-01-09,2024-01-14,2024-01-12,80.49,6600.18,-2
818,200,122,8,90,2024-03-20,2024-03-27,2024-03-29,25.17,2265.3,2
819,201,100,8,444,2024-02-10,2024-02-13,2024-02-15,61.49,27301.56,2
820,201,144,6,422,2024-03-13,2024-03-20,2024-03-23,21.09,8899.98,3
821,205,128,6,305,2024-03-02,2024-03-12,2024-03-13,33.23,10135.15,1
822,207,148,5,431,2024-02-10,2024-02-20,2024-02-23,80.49,34691.19,3
823,202,114,4,230,2024-01-06,2024-01-12,2024-01-15,34.3,7889.0,3
824,207,129,7,287,2024-02-11,2024-02-15,2024-02-14,33.27,9548.49,-1
825,202,128,8,434,2024-01-19,2024-01-29,2024-01-31,33.23,14421.82,2
826,200,126,7,245,2024-01-18,2024-01-28,2024-01-31,82.1,20114.5,3
827,205,125,3,455,2024-01-02,2024-01-06,2024-01-07,56.42,25671.1,1
828,202,109,3,58,2024-01-28,2024-02-06,2024-02-08,96.59,5602.22,2
829,202,130,7,151,2024-02-04,2024-02-11,2024-02-09,76.47,11546.97,-2
830,206,131,1,474,2024-01-21,2024-01-30,2024-01-31,92.29,43745.46,1
831,203,117,9,360,2024-01-25,2024-01-29,2024-01-28,87.6,31536.0,-1
832,206,127,8,390,2024-01-21,2024-01-27,2024-01-28,59.85,23341.5,1
833,201,122,1,411,2024-01-09,2024-01-16,2024-01-14,25.17,10344.87,-2
834,204,138,8,315,2024-01-19,2024-01-29,2024-01-30,61.13,19255.95,1
835,206,113,8,207,2024-03-03,2024-03-10,2024-03-09,55.44,11476.08,-1
836,204,121,3,269,2024-03-28,2024-04-03,2024-04-02,89.4,24048.6,-1
837,202,107,10,224,2024-03-08,2024-03-16,2024-03-17,32.88,7365.12,1
838,202,144,6,292,2024-02-17,2024-02-22,2024-02-21,21.09,6158.28,-1
839,207,101,2,176,2024-02-17,2024-02-24,2024-02-26,16.07,2828.32,2
840,203,120,4,293,2024-02-10,2024-02-14,2024-02-16,30.1,8819.3,2
841,205,135,5,407,2024-03-14,2024-03-24,2024-03-22,15.15,6166.05,-2
842,205,108,4,167,2024-03-21,2024-03-25,2024-03-28,10.22,1706.74,3
843,203,139,10,338,2024-02-01,2024-02-08,2024-02-07,80.44,27188.72,-1
844,205,101,8,246,2024-03-06,2024-03-15,2024-03-18,16.07,3953.22,3
845,205,139,3,301,2024-01-11,2024-01-16,2024-01-14,80.44,24212.44,-2
846,204,138,8,249,2024-01-09,2024-01-15,2024-01-16,61.13,15221.37,1
847,204,149,4,484,2024-01-19,2024-01-22,2024-01-24,22.82,11044.88,2
848,203,130,1,51,2024-01-29,2024-02-08,2024-02-10,76.47,3899.97,2
849,207,122,6,451,2024-03-12,2024-03-17,2024-03-15,25.17,11351.67,-2
850,207,120,5,324,2024-02-10,2024-02-14,2024-02-15,30.1,9752.4,1
851,203,141,4,111,2024-03-17,2024-03-20,2024-03-19,59.06,6555.66,-1
852,200,146,5,459,2024-01-25,2024-01-28,2024-01-31,99.02,45450.18,3
853,203,118,9,408,2024-02-18,2024-02-25,2024-02-23,62.28,25410.24,-2
854,204,119,1,201,2024-01-27,2024-01-31,2024-01-30,39.44,7927.44,-1
855,206,101,1,288,2024-01-11,2024-01-19,2024-01-22,16.07,4628.16,3
856,206,128,3,354,2024-03-12,2024-03-22,2024-03-21,33.23,11763.42,-1
857,205,148,8,283,2024-01-14,2024-01-18,2024-01-16,80.49,22778.67,-2
858,207,112,5,350,2024-02-06,2024-02-16,2024-02-14,44.14,15449.0,-2
859,200,120,3,494,2024-01-16,2024-01-23,2024-01-26,30.1,14869.4,3
860,207,135,6,211,2024-02-17,2024-02-20,2024-02-18,15.15,3196.65,-2
861,200,135,7,380,2024-03-21,2024-03-30,2024-03-30,15.15,5757.0,0
862,202,125,6,478,2024-02-11,2024-02-18,2024-02-20,56.42,26968.76,2
863,204,141,1,437,2024-02-11,2024-02-16,2024-02-15,59.06,25809.22,-1
864,200,102,10,82,2024-01-17,2024-01-21,2024-01-22,51.96,4260.72,1
865,202,108,2,133,2024-01-14,2024-01-22,2024-01-24,10.22,1359.26,2
866,205,105,4,91,2024-02-15,2024-02-21,2024-02-23,84.35,7675.85,2
867,201,121,7,329,2024-03-04,2024-03-14,2024-03-16,89.4,29412.6,2
868,206,133,1,405,2024-03-23,2024-03-31,2024-04-01,9.95,4029.75,1
869,201,135,3,131,2024-01-27,2024-01-30,2024-02-01,15.15,1984.65,2
870,204,148,2,78,2024-01-30,2024-02-04,2024-02-02,80.49,6278.22,-2
871,200,101,9,165,2024-03-23,2024-03-26,2024-03-26,16.07,2651.55,0
872,200,102,8,128,2024-01-29,2024-02-01,2024-02-02,51.96,6650.88,1
873,205,132,3,437,2024-02-11,2024-02-21,2024-02-21,67.5,29497.5,0
874,204,101,7,392,2024-03-04,2024-03-14,2024-03-17,16.07,6299.44,3
875,201,135,7,351,2024-01-06,2024-01-10,2024-01-09,15.15,5317.65,-1
876,203,113,1,53,2024-03-15,2024-03-21,2024-03-22,55.44,2938.32,1
877,201,144,6,310,2024-03-15,2024-03-19,2024-03-19,21.09,6537.9,0
878,203,125,3,53,2024-01-20,2024-01-29,2024-01-27,56.42,2990.26,-2
879,204,118,10,311,2024-03-12,2024-03-16,2024-03-15,62.28,19369.08,-1
880,203,110,7,221,2024-03-18,2024-03-28,2024-03-31,29.54,6528.34,3
881,204,120,4,383,2024-02-20,2024-02-27,2024-02-26,30.1,11528.3,-1
882,200,128,5,383,2024-02-27,2024-03-07,2024-03-09,33.23,12727.09,2
883,206,149,9,107,2024-01-27,2024-02-01,2024-02-02,22.82,2441.74,1
884,201,124,1,438,2024-01-27,2024-02-05,2024-02-07,84.94,37203.72,2
885,204,147,10,159,2024-03-29,2024-04-08,2024-04-11,54.68,8694.12,3
886,205,119,10,381,2024-02-29,2024-03-03,2024-03-03,39.44,15026.64,0
887,204,136,4,62,2024-01-28,2024-01-31,2024-02-02,49.58,3073.96,2
888,203,100,5,155,2024-01-24,2024-02-01,2024-01-31,61.49,9530.95,-1
889,206,146,8,250,2024-02-11,2024-02-15,2024-02-15,99.02,24755.0,0
890,202,148,10,337,2024-03-03,2024-03-07,2024-03-09,80.49,27125.13,2
891,203,118,10,104,2024-01-10,2024-01-19,2024-01-17,62.28,6477.12,-2
892,200,101,1,50,2024-01-02,2024-01-10,2024-01-11,16.07,803.5,1
893,206,128,5,99,2024-03-13,2024-03-16,2024-03-17,33.23,3289.77,1
894,203,123,1,266,2024-03-23,2024-03-29,2024-03-28,26.99,7179.34,-1
895,204,104,6,61,2024-02-23,2024-03-04,2024-03-04,64.37,3926.57,0
896,200,149,5,122,2024-01-16,2024-01-22,2024-01-22,22.82,2784.04,0
897,203,129,5,431,2024-01-16,2024-01-25,2024-01-25,33.27,14339.37,0
898,202,130,1,94,2024-01-02,2024-01-06,2024-01-07,76.47,7188.18,1
899,204,129,4,409,2024-02-04,2024-02-13,2024-02-12,33.27,13607.43,-1
900,201,130,10,160,2024-03-29,2024-04-05,2024-04-08,76.47,12235.2,3
901,206,125,2,304,2024-01-04,2024-01-07,2024-01-09,56.42,17151.68,2
902,206,129,7,345,2024-01-23,2024-02-01,2024-02-04,33.27,11478.15,3
903,201,142,1,194,2024-02-05,2024-02-12,2024-02-14,64.93,12596.42,2
904,204,112,8,189,2024-01-04,2024-01-13,2024-01-14,44.14,8342.46,1
905,207,115,4,72,2024-01-01,2024-01-07,2024-01-10,7.16,515.52,3
906,207,127,10,484,2024-01-30,2024-02-06,2024-02-08,59.85,28967.4,2
907,205,118,1,238,2024-01-12,2024-01-21,2024-01-19,62.28,14822.64,-2
908,202,130,8,240,2024-02-17,2024-02-24,2024-02-25,76.47,18352.8,1
909,202,134,9,377,2024-02-11,2024-02-18,2024-02-17,95.15,35871.55,-1
910,202,126,6,240,2024-03-15,2024-03-19,2024-03-20,82.1,19704.0,1
911,204,122,8,434,2024-01-19,2024-01-22,2024-01-21,25.17,10923.78,-1
912,206,143,8,94,2024-02-16,2024-02-24,2024-02-22,25.75,2420.5,-2
913,202,116,10,380,2024-02-12,2024-02-21,2024-02-20,36.14,13733.2,-1
914,202,128,8,309,2024-01-06,2024-01-11,2024-01-11,33.23,10268.07,0
915,205,138,3,475,2024-03-10,2024-03-16,2024-03-19,61.13,29036.75,3
916,202,136,3,252,2024-01-27,2024-02-05,2024-02-05,49.58,12494.16,0
917,201,126,2,71,2024-03-05,2024-03-10,2024-03-08,82.1,5829.1,-2
918,200,106,9,390,2024-02-02,2024-02-08,2024-02-08,34.65,13513.5,0
919,203,147,3,453,2024-03-28,2024-04-06,2024-04-08,54.68,24770.04,2
920,201,131,6,478,2024-02-11,2024-02-17,2024-02-19,92.29,44114.62,2
921,206,135,6,469,2024-03-07,2024-03-10,2024-03-11,15.15,7105.35,1
922,205,114,7,434,2024-02-22,2024-02-27,2024-02-27,34.3,14886.2,0
923,207,114,2,435,2024-01-20,2024-01-29,2024-01-30,34.3,14920.5,1
924,200,145,4,303,2024-03-05,2024-03-10,2024-03-12,87.06,26379.18,2
925,204,104,3,205,2024-01-31,2024-02-10,2024-02-12,64.37,13195.85,2
926,201,134,4,58,2024-01-25,2024-01-29,2024-01-30,95.15,5518.7,1
927,201,118,1,473,2024-01-27,2024-01-30,2024-02-01,62.28,29458.44,2
928,204,104,2,266,2024-02-27,2024-03-02,2024-02-29,64.37,17122.42,-2
929,206,142,6,355,2024-01-02,2024-01-09,2024-01-07,64.93,23050.15,-2
930,206,121,5,205,2024-02-17,2024-02-23,2024-02-21,89.4,18327.0,-2
931,207,139,7,353,2024-03-22,2024-03-28,2024-03-28,80.44,28395.32,0
932,207,143,1,213,2024-01-05,2024-01-10,2024-01-09,25.75,5484.75,-1
933,204,101,6,490,2024-03-30,2024-04-08,2024-04-06,16.07,7874.3,-2
934,201,148,7,350,2024-02-24,2024-03-01,2024-02-29,80.49,28171.5,-1
935,207,122,10,69,2024-01-04,2024-01-14,2024-01-17,25.17,1736.73,3
936,201,148,8,328,2024-03-01,2024-03-10,2024-03-08,80.49,26400.72,-2
937,203,105,2,282,2024-03-21,2024-03-29,2024-03-28,84.35,23786.7,-1
938,205,147,7,290,2024-01-31,2024-02-06,2024-02-04,54.68,15857.2,-2
939,204,120,1,487,2024-03-11,2024-03-18,2024-03-18,30.1,14658.7,0
940,206,113,8,400,2024-01-13,2024-01-17,2024-01-18,55.44,22176.0,1
941,200,137,3,85,2024-03-05,2024-03-13,2024-03-16,56.49,4801.65,3
942,207,111,9,339,2024-02-05,2024-02-08,2024-02-07,19.54,6624.06,-1
943,200,134,7,110,2024-02-02,2024-02-10,2024-02-10,95.15,10466.5,0
944,202,131,9,487,2024-02-27,2024-03-05,2024-03-06,92.29,44945.23,1
945,204,102,3,268,2024-03-17,2024-03-22,2024-03-22,51.96,13925.28,0
946,202,143,2,296,2024-01-10,2024-01-14,2024-01-16,25.75,7622.0,2
947,200,115,8,463,2024-02-19,2024-02-23,2024-02-24,7.16,3315.08,1
948,206,149,3,143,2024-01-06,2024-01-14,2024-01-17,22.82,3263.26,3
949,207,121,4,277,2024-01-30,2024-02-02,2024-02-01,89.4,24763.8,-1
950,202,106,2,429,2024-01-18,2024-01-25,2024-01-25,34.65,14864.85,0
951,200,136,10,237,2024-02-26,2024-02-29,2024-03-02,49.58,11750.46,2
952,205,101,7,104,2024-03-22,2024-03-31,2024-04-01,16.07,1671.28,1
953,200,130,7,335,2024-02-05,2024-02-09,2024-02-10,76.47,25617.45,1
954,201,104,7,499,2024-01-12,2024-01-22,2024-01-25,64.37,32120.63,3
955,206,130,6,498,2024-03-05,2024-03-09,2024-03-11,76.47,38082.06,2
956,200,107,3,342,2024-01-21,2024-01-26,2024-01-29,32.88,11244.96,3
957,203,142,3,329,2024-02-27,2024-03-05,2024-03-07,64.93,21361.97,2
958,204,135,6,454,2024-03-02,2024-03-05,2024-03-07,15.15,6878.1,2
959,206,137,3,70,2024-01-15,2024-01-18,2024-01-19,56.49,3954.3,1
960,202,112,4,432,2024-02-08,2024-02-18,2024-02-20,44.14,19068.48,2
961,205,100,7,453,2024-01-08,2024-01-13,2024-01-11,61.49,27854.97,-2
962,204,107,1,54,2024-03-15,2024-03-22,2024-03-20,32.88,1775.52,-2
963,205,108,5,460,2024-02-01,2024-02-11,2024-02-11,10.22,4701.2,0
964,207,112,4,159,2024-03-02,2024-03-11,2024-03-13,44.14,7018.26,2
965,206,111,2,371,2024-03-11,2024-03-15,2024-03-14,19.54,7249.34,-1
966,202,104,9,489,2024-03-26,2024-04-03,2024-04-05,64.37,31476.93,2
967,201,109,9,87,2024-03-02,2024-03-07,2024-03-08,96.59,8403.33,1
968,203,110,10,479,2024-03-21,2024-03-30,2024-03-30,29.54,14149.66,0
969,204,114,6,435,2024-02-22,2024-03-02,2024-03-04,34.3,14920.5,2
970,205,102,7,148,2024-02-20,2024-02-26,2024-02-29,51.96,7690.08,3
971,207,125,6,433,2024-03-18,2024-03-27,2024-03-30,56.42,24429.86,3
972,206,130,3,130,2024-03-23,2024-04-02,2024-04-02,76.47,9941.1,0
973,204,138,4,271,2024-03-04,2024-03-13,2024-03-15,61.13,16566.23,2
974,206,101,10,93,2024-01-09,2024-01-16,2024-01-19,16.07,1494.51,3
975,200,149,3,251,2024-02-17,2024-02-21,2024-02-21,22.82,5727.82,0
976,205,129,5,359,2024-02-08,2024-02-16,2024-02-18,33.27,11943.93,2
977,207,119,6,247,2024-03-06,2024-03-13,2024-03-13,39.44,9741.68,0
978,202,144,10,96,2024-03-01,2024-03-04,2024-03-02,21.09,2024.64,-2
979,201,121,8,187,2024-02-02,2024-02-06,2024-02-08,89.4,16717.8,2
980,203,118,5,172,2024-02-10,2024-02-15,2024-02-18,62.28,10712.16,3
981,205,112,10,472,2024-02-09,2024-02-14,2024-02-12,44.14,20834.08,-2
982,206,133,6,356,2024-02-05,2024-02-15,2024-02-15,9.95,3542.2,0
983,203,142,7,460,2024-03-19,2024-03-25,2024-03-28,64.93,29867.8,3
984,205,112,5,214,2024-03-10,2024-03-19,2024-03-22,44.14,9445.96,3
985,202,129,4,420,2024-01-16,2024-01-19,2024-01-19,33.27,13973.4,0
986,203,140,5,454,2024-01-27,2024-01-31,2024-01-29,21.0,9534.0,-2
987,207,111,6,250,2024-02-17,2024-02-27,2024-02-25,19.54,4885.0,-2
988,204,145,8,325,2024-03-13,2024-03-22,2024-03-25,87.06,28294.5,3
989,204,109,6,179,2024-03-18,2024-03-21,2024-03-20,96.59,17289.61,-1
990,206,124,2,146,2024-01-01,2024-01-10,2024-01-09,84.94,12401.24,-1
991,207,131,5,470,2024-03-11,2024-03-20,2024-03-20,92.29,43376.3,0
992,206,132,5,76,2024-01-26,2024-02-01,2024-02-02,67.5,5130.0,1
993,207,140,7,293,2024-03-17,2024-03-22,2024-03-20,21.0,6153.0,-2
994,205,124,7,142,2024-01-16,2024-01-23,2024-01-23,84.94,12061.48,0
995,200,123,2,192,2024-01-06,2024-01-14,2024-01-16,26.99,5182.08,2
996,204,135,2,430,2024-01-17,2024-01-20,2024-01-21,15.15,6514.5,1
997,200,113,7,80,2024-03-25,2024-04-04,2024-04-02,55.44,4435.2,-2
998,205,107,1,191,2024-03-20,2024-03-23,2024-03-21,32.88,6280.08,-2
999,203,127,5,366,2024-01-30,2024-02-06,2024-02-05,59.85,21905.1,-1
1000,204,136,10,480,2024-03-11,2024-03-18,2024-03-20,49.58,23798.4,2
140,207,129,1,78,2024-01-07,2024-01-14,2024-01-13,33.27,2595.06,-1
199,205,123,10,273,2024-01-25,2024-01-28,2024-01-28,26.99,7368.27,0
988,204,145,8,325,2024-03-13,2024-03-22,2024-03-23,87.06,28294.5,1
155,202,127,7,284,2024-01-04,2024-01-11,2024-01-14,59.85,16997.4,3
956,200,107,3,342,2024-01-21,2024-01-30,2024-01-31,32.88,11244.96,1
870,204,148,2,78,2024-01-30,2024-02-09,2024-02-10,80.49,6278.22,1
633,206,102,5,370,2024-02-02,2024-02-05,2024-02-05,51.96,19225.2,0
726,204,142,10,342,2024-02-24,2024-03-04,2024-03-04,64.93,22206.06,0
422,204,113,1,223,2024-02-25,2024-03-01,2024-02-28,55.44,12363.12,-2
961,205,100,7,453,2024-01-08,2024-01-15,2024-01-15,61.49,27854.97,0
472,207,118,8,254,2024-01-21,2024-01-30,2024-01-30,62.28,15819.12,0
916,202,136,3,252,2024-01-27,2024-02-06,2024-02-07,49.58,12494.16,1
371,200,117,5,491,2024-03-14,2024-03-22,2024-03-24,87.6,43011.6,2
747,200,133,7,136,2024-03-20,2024-03-23,2024-03-25,9.95,1353.2,2
927,201,118,1,473,2024-01-27,2024-02-06,2024-02-06,62.28,29458.44,0
567,202,122,10,155,2024-01-25,2024-02-02,2024-02-01,25.17,3901.35,-1
689,201,121,2,343,2024-01-13,2024-01-19,2024-01-21,89.4,30664.2,2
398,206,136,6,67,2024-03-25,2024-03-28,2024-03-29,49.58,3321.86,1
902,206,129,7,345,2024-01-23,2024-01-28,2024-01-27,33.27,11478.15,-1
471,206,132,6,303,2024-01-29,2024-02-06,2024-02-06,67.5,20452.5,0
402,200,111,9,283,2024-02-26,2024-03-06,2024-03-07,19.54,5529.82,1
651,207,120,1,184,2024-03-30,2024-04-04,2024-04-07,30.1,5538.4,3
791,205,127,8,433,2024-01-06,2024-01-11,2024-01-12,59.85,25915.05,1
45,201,139,6,269,2024-03-18,2024-03-26,2024-03-29,80.44,21638.36,3
39,204,117,3,97,2024-03-02,2024-03-09,2024-03-07,87.6,8497.2,-2
198,202,135,7,110,2024-01-15,2024-01-19,2024-01-20,15.15,1666.5,1
459,207,147,8,407,2024-01-27,2024-02-04,2024-02-06,54.68,22254.76,2
991,207,131,5,470,2024-03-11,2024-03-19,2024-03-18,92.29,43376.3,-1
124,205,127,1,75,2024-03-25,2024-03-28,2024-03-26,59.85,4488.75,-2
694,207,121,2,181,2024-01-13,2024-01-22,2024-01-21,89.4,16181.4,-1
248,204,120,8,200,2024-01-25,2024-01-30,2024-01-28,30.1,6020.0,-2
712,206,125,7,301,2024-02-18,2024-02-23,2024-02-22,56.42,16982.42,-1
208,201,120,5,260,2024-01-07,2024-01-14,2024-01-13,30.1,7826.0,-1
700,202,143,2,343,2024-03-17,2024-03-27,2024-03-28,25.75,8832.25,1
461,207,105,10,92,2024-03-12,2024-03-22,2024-03-25,84.35,7760.2,3
501,204,100,10,310,2024-02-16,2024-02-26,2024-02-26,61.49,19061.9,0
167,201,106,4,293,2024-03-04,2024-03-13,2024-03-12,34.65,10152.45,-1
245,202,102,10,90,2024-02-18,2024-02-26,2024-02-28,51.96,4676.4,2
789,200,133,5,135,2024-03-03,2024-03-07,2024-03-08,9.95,1343.25,1
67,200,114,1,103,2024-01-02,2024-01-05,2024-01-03,34.3,3532.9,-2
878,203,125,3,53,2024-01-20,2024-01-24,2024-01-23,56.42,2990.26,-1
629,205,148,5,110,2024-01-02,2024-01-09,2024-01-12,80.49,8853.9,3
517,201,120,1,109,2024-01-26,2024-01-30,2024-01-28,30.1,3280.9,-2
858,207,112,5,350,2024-02-06,2024-02-14,2024-02-16,44.14,15449.0,2
273,207,131,5,197,2024-01-29,2024-02-05,2024-02-07,92.29,18181.13,2
344,205,100,8,126,2024-02-23,2024-03-03,2024-03-01,61.49,7747.74,-2
519,207,113,10,54,2024-02-08,2024-02-11,2024-02-13,55.44,2993.76,2
119,201,118,6,400,2024-01-02,2024-01-05,2024-01-03,62.28,24912.0,-2
178,203,131,9,473,2024-01-27,2024-02-06,2024-02-08,92.29,43653.17,2
589,205,116,6,219,2024-01-04,2024-01-13,2024-01-14,36.14,7914.66,1
